id,title,description,amount,cpv;;;;;;;;;;;;;;;;;;;;
916a16f794b741e7a43deb6a11846bce,Утилізація/видалення сміття та поводження зі сміттям,,473280.0,90510000-5;;;;;;;;;;;;;;;;;;;;
57f87de612fb44a0a9fcb2f02045ce86,Утилізація/видалення сміття та поводження зі сміттям,,2845800.0,90510000-5;;;;;;;;;;;;;;;;;;;;
8ff2f0e6df5c49168a7ccee3fede1edd,Послуги з надання доступу до онлайн-сервісів з правом користування програмною продукцією – медичною інформаційно-комунікаційною системою (МІС),,280000.0,48810000-9;;;;;;;;;;;;;;;;;;;;
48814a2ff2494536bb2c0fc98ba30f3d,Електрична енергія,,696000.0,09310000-5;;;;;;;;;;;;;;;;;;;;
"1a8903f5b40d47acab124ead9c277932,""Риба, рибне філе та інше м’ясо риби морожені"",,186000.0,15220000-6";;;;;;;;;;;;;;;;;;;;
65fc7cb9d0b24002b4bd4f70474913ad,60180000-3 - Прокат вантажних транспортних засобів із водієм для перевезення товарів - 1 послуга,,17000.0,60180000-3;;;;;;;;;;;;;;;;;;;;
27f548c8a8d24c589284a7deb69f48f7,Дезинфікуючи засоби,,9980.0,24455000-8;;;;;;;;;;;;;;;;;;;;
"b374fa1abdaf4d5bab3a788efe1bc281,Електрична апаратура (код ДК 021:2015: 31210000-1 Електрична апаратура для комутування та захисту електричних кіл),""Відкриті торги відповідно до Особливостей здійснення публічних закупівель товарів, робіт і послуг для замовників, передбачених Законом України «Про публічні закупівлі», на період дії правового режиму воєнного стану в Україні та протягом 90 днів з дня його припинення або скасування, затвердженого постановою Кабінету Міністрів України від 12 жовтня 2022 за № 1178"",233000.0,31210000-1";;;;;;;;;;;;;;;;;;;;
"1a724472353c4b8bb9ac8a571736b5ea,""90510000-5 Утилізація/видалення сміття та поводження зі сміттям (Послуги з утилізації сміття (транспортні послуги) на території Варвинської селищної територіальної громади Прилуцького району Чернігівської області)";;;;;;;;;;;;;;;;;;;;
;;;;;;;;;;;;;;;;;;;;
",,310000.0,90510000-5
268c71f9b04b4b158b1c4054c28e8aea,Електрична енергія,,853830.0,09310000-5
c3c15315d1ab48689131bcd12c8f1f6a,Пральні машини побутові,Пральні машини побутові,23000.0,39710000-2
61dd31cbbfbc47c3a9faad17e81a2117,Хлібопродукти, свіжовипечені хлібобулочні та кондитерські вироби"",,145000.0,15810000-9";;;;;;;;;;;;;;;;;;;;
c77592fc25d646feaddd2ba394bf5a16,Активна електрична енергія,,786000.0,09310000-5;;;;;;;;;;;;;;;;;;;;
"a1b6e02c2fab425fad24852d17eb6f1e,""72260000-5 - Послуги, пов’язані з програмним забезпеченням ( Доступ до онлайн сервісів та оновлення  програмної продукції - 12 місяців - 1 псолуга )"",,16740.0,72260000-5";;;;;;;;;;;;;;;;;;;;
5bf706d7d45941d4be810f98975ca2bd,Електрична енергія,,2640000.0,09310000-5;;;;;;;;;;;;;;;;;;;;
5ebec1450344428cacecaafd23d77c02,Хліб житній з борошна вищого ґатунку та хліб пшеничний з борошна вищого ґатунку,,520000.0,15811100-7;;;;;;;;;;;;;;;;;;;;
57928161ac6f425ba68d515fee8e5ea6,Електрична енергія з розподілом,,1180800.0,09310000-5;;;;;;;;;;;;;;;;;;;;
fa02f078145340f09edcf8420ddba3df,09310000-5 Електрична енергія (Універсальна послуга),,956243.96,09310000-5;;;;;;;;;;;;;;;;;;;;
570c150612b54226b0c32e493c729c61,Послуги із збирання сміття та утримання в належному санітарному стані територій загального користування району,,3406678.13,90610000-6;;;;;;;;;;;;;;;;;;;;
c36f1885af1e41558f446ac4b1ab1efa,Надання доступу до мережі інтернет,,3000.0,72411000-4;;;;;;;;;;;;;;;;;;;;
8c141097597b431aa72ba1b21df760c8,Про надання послуг з використання програмних продуктів,,6000.0,72260000-5;;;;;;;;;;;;;;;;;;;;
5dc025b98d194503bd6d8854eb762548,Надання доступу до мережі інтернет,,3600.0,72411000-4;;;;;;;;;;;;;;;;;;;;
"755330dff76a45cf9c1bd8a3e18d75a9,""ДК 021:2015:72260000-5 Послуги, пов’язані з програмним забезпеченням"",,38880.0,72260000-5";;;;;;;;;;;;;;;;;;;;
"8b6636f9755f477ab725f52e06833189,""34330000-9 – Запасні частини до вантажних транспортних засобів, фургонів та легкових автомобілів ( Карданний вал, регулятор тиску, шкворень, втулка шкварня)"",,17780.0,34330000-9";;;;;;;;;;;;;;;;;;;;
bebe6583ffaa43118315566ffcb9c6f9,Викачка рiдких побутових вiдходiв,,1500.0,90460000-9;;;;;;;;;;;;;;;;;;;;
a106b7f509584e818b141d98ab3ee9b3,Молоко та вершки,,185000.0,15510000-6;;;;;;;;;;;;;;;;;;;;
"00bedf5eec3347d48c460de399b977df,Електрична енергія (код за ЄЗС ДК 021:2015 09310000-5 Електрична енергія),""Закупівля здійснюється на очікувану вартість, згідно потреби Куликівського ліцею на січень – грудень 2024 року, відповідно до вимог Закону України «Про публічні закупівлі» з урахуванням положень постанови Кабінету Міністрів України від 12.10.2022 №1178 «Про затвердження особливостей здійснення публічних закупівель товарів, робіт і послуг для замовників, передбачених Законом України «Про публічні закупівлі», на період дії правового режиму воєнного стану в Україні та протягом 90 днів з дня його припинення або скасування»"",287000.0,09310000-5";;;;;;;;;;;;;;;;;;;;
"74cb9598f9244317b874e4f5e90fda20,Хліб житньо-пшеничний,""Умови поставки: 1 (один) календарний день з дати отримання заявки від Замовника. Поставка за вимогою до 8.00 год. ранку щоденно, виключно  в обсязі достатніми для забезпечення відповідної денної потреби закладу, зазначених у заявці Замовника, з обов’язковим дотриманням строків придатності продуктів харчування."",224952.0,15810000-9";;;;;;;;;;;;;;;;;;;;
ff8913e170664b8d992516f534104ffd,Електрична енергія,,2040000.0,09310000-5;;;;;;;;;;;;;;;;;;;;
c61fa7a4ca064ede8a464fbf35d229a8, Сирні продукти,,1080.0,15540000-5;;;;;;;;;;;;;;;;;;;;
25e89b264dc749b4bc3d49266fde261e,Кондиціонери,,97280.0,39717000-1;;;;;;;;;;;;;;;;;;;;
0626b06464854561bf3cae904f7a0cf9,Технічне обслуговування технічних засобів пожежної сигналізації у будівлі за адресою вул. Максима Дія 2а,,14400.0,50413200-5;;;;;;;;;;;;;;;;;;;;
76409fc8d4054a098ee3ac5111615dd7,«Електрична енергія «ДК 021:2015: 09310000-5 — Електрична енергія»,,1050000.0,09310000-5;;;;;;;;;;;;;;;;;;;;
90790c92ef5c40cd97ad5dfbbe169a9b,Яйце куряче столове,,49883.76,03142500-3;;;;;;;;;;;;;;;;;;;;
6895490e0404465e968d123d02cedba0,Електрична енергія (бюджет) ,,5081859.72,09310000-5;;;;;;;;;;;;;;;;;;;;
"1d8578451aac41a3a626dc8b4e52848a,""Електрична енергія, вільні ціни, без розподілу"",""Електрична енергія, вільні ціни, без розподілу"",129000.0,09310000-5";;;;;;;;;;;;;;;;;;;;
"7a80684090ea401082f0b1a7dc6eb9aa,""Овочі, фрукти та горіхи"",,657000.0,03220000-9";;;;;;;;;;;;;;;;;;;;
"bbd34fa7c2034ad08712999b268ed32e,""Гази промислові (кисень медичний, кисень медичний рідкий) (код за  ДК 021:2015 «24110000-8 Промислові гази»";" «24111900-4 Кисень»)"",,3081230.0,24110000-8";;;;;;;;;;;;;;;;;;;
bf448e4b2fa24d0d89efd37e4a7fd939,Послуги з адвокатської діяльності (правнича допомога: абонентське обслуговування),,96000.0,79110000-8;;;;;;;;;;;;;;;;;;;;
3b1fb7168bca4343b88a1c8f66ef88f9,Класифікація за ДК 021-2015 (CPV)48810000-9 - Інформаційні системи (Послуги доступу до медичної інформаційної системи та крипто-виробу),,81000.0,48810000-9;;;;;;;;;;;;;;;;;;;;
a8bcb24370454199acfe39b021fdf071,Електрична енергія (кошти підприємства) ,,18270240.0,09300000-2;;;;;;;;;;;;;;;;;;;;
e2e9268c3eb74eb7884b65cb5c010925,Електрична енергія,,6174000.0,09310000-5;;;;;;;;;;;;;;;;;;;;
"de490806e5524391973128a3128823d8,""Хліб, хлібобулочні, кондитерські, сухарні вироби та інші продукти харчування за ДК 021:2015 15810000-9"",,84733.08,15810000-9";;;;;;;;;;;;;;;;;;;;
"74e0cc58e86c492f8d8a4f2d8375baf5,""Молоко та вершки (молоко ультрапастеризоване, сметана)"",,409847.0,15510000-6";;;;;;;;;;;;;;;;;;;;
"3175bc53dcfd4471a20132a4e731f36d,""Технічне обслуговування технічних засобів пожежної сигналізації приміщень диспетчерської за адресою: м. Дніпро, бул. Слави, 32К"",,14400.0,50413200-5";;;;;;;;;;;;;;;;;;;;
"50775a69e09e40f4ba0cc3df4c2daad3,Хліб,""дана закупівля проводиться у відповідності до особливостей, які визначені постановою КМУ від 12.10.2022 року №1178"",471500.0,15811100-7";;;;;;;;;;;;;;;;;;;;
7f424deaa51d4a2eb2bfa7d7fecfbd95,ДК 021:2015:09310000-5- Електрична енергія  (Електрична енергія),,214500.0,09310000-5;;;;;;;;;;;;;;;;;;;;
94f2d2c02246454997c2b3e3120bce3c,Молоко та вершки за ДК 021:2015 15510000-6,,22896.0,15511000-3;;;;;;;;;;;;;;;;;;;;
e2c12cd0ef9949358737c2e2a54ca4d0,Послуги з обслуговування програмного забезпечення ,,59760.0,72260000-5;;;;;;;;;;;;;;;;;;;;
0b0fd37487174b4e8611ebaedc28ef3f,Електрична енергія.,,546000.0,09310000-5;;;;;;;;;;;;;;;;;;;;
da74801254ff41d4929102249b410cf5,Будівельні матеріали,,7345.0,44111000-1;;;;;;;;;;;;;;;;;;;;
8db1eb23238847f1b1e557b85afbe0ae,Сирні продукти,,268500.0,15540000-5;;;;;;;;;;;;;;;;;;;;
06a4e288c2ea4172bddfe6eac9f6e4a3,Електрична енергія за кодом ДК 021:2015 09310000-5 Електрична енергія,,2458900.0,09310000-5;;;;;;;;;;;;;;;;;;;;
c81c6a654a474f21971494f1beed4b5d,Антифриз ,,8000.0,24950000-8;;;;;;;;;;;;;;;;;;;;
606a1e2516024d28961453e1a8347a1a,БФП Canon ISensys MF 754 CDW,,60832.2,30232110-8;;;;;;;;;;;;;;;;;;;;
c14ae94f17b84480b3efb69896f2d786,Хлібопродукти для закладів освіти Чортківської міської ради,,350000.0,15810000-9;;;;;;;;;;;;;;;;;;;;
744adfd84afd4644bff2995c3f00e329,Електрична енергія (Код ДК 021:2015: 09310000-5 - Електрична енергія) (універсальна послуга),,99992.53,09310000-5;;;;;;;;;;;;;;;;;;;;
c2cdf2d20649484da362bb0b86639d57,Послуги з розміщення інформаційної продукції в засобах масової інформації,,56000.0,64228000-0;;;;;;;;;;;;;;;;;;;;
"1f28d744cf6245979b51ce1cc1d691b6,Електрична енергія,""Згідно умов цієї процедури закупівлі тендерною документацією вважається сукупність інформації у вигляді заповнених електронних полів в розділі """"Тендерна документація"""" та прикріпленого текстового документу, що містить всю іншу інформацію, передбачену згідно ст. 22 Закону. Інформація про відсутність підстави для відмови в участі у процедурі закупівлі згідно з п.47 Особливостей. З урахуванням обсягу фінансування видатків замовника до розгляду не приймається тендерна пропозиція, ціна якої є вищою ніж очікувана вартість предмета закупівлі, визначена замовником в оголошенні про проведення цих відкритих торгів. Закупівля оголошена відповідно постанови КМУ №1178 від 12.10.2022р. Місцезнаходження замовника - 10007, Житомирська обл., місто Житомир, вулиця Київське шосе, будинок 24.. Категорія замовника – пункт 3 частина 4 стаття 2 Закону України «Про публічні закупівлі» - підприємства, установи, організації, зазначені у пункті 3 частини першої цієї статті. Вид закупівлі - відкриті торги з особливостями"",659630.0,09310000-5";;;;;;;;;;;;;;;;;;;;
"7b38d3d6481a4334a58e0e09d5f76417,Природний газ,""Згідно умов цієї процедури закупівлі тендерною документацією вважається сукупність інформації у вигляді заповнених електронних полів в розділі """"Тендерна документація"""" та прикріпленого текстового документу, що містить всю іншу інформацію, передбачену згідно ст. 22 Закону. Інформація про відсутність підстави для відмови в участі у процедурі закупівлі згідно з п.47 Особливостей. З урахуванням обсягу фінансування видатків замовника до розгляду не приймається тендерна пропозиція, ціна якої є вищою ніж очікувана вартість предмета закупівлі, визначена замовником в оголошенні про проведення цих відкритих торгів. Закупівля оголошена відповідно постанови КМУ №1178 від 12.10.2022р. Місцезнаходження замовника - 10007, Житомирська обл., місто Житомир, вулиця Київське шосе, будинок 24. . Категорія замовника – пункт 3 частина 4 стаття 2 Закону України «Про публічні закупівлі» - підприємства, установи, організації, зазначені у пункті 3 частини першої цієї статті. Вид закупівлі - відкриті торги з особливостями"",827694.5,09120000-6";;;;;;;;;;;;;;;;;;;;
00dac7830f77488194388a5251e6b834,ДК 021:2015 15870000-7 Заправки та приправи (Сіль),,47040.0,15872400-5;;;;;;;;;;;;;;;;;;;;
3e0001d3dd6b49c0a0079e91b7951222,Молочні продукти різні (сметана) за ДК 021:2015 15550000-8,,9292.32,15550000-8;;;;;;;;;;;;;;;;;;;;
2b282c2fb43c4b2a87681983a0b89459, Послуги з ремонту і технічного обслуговування мототранспортних засобів і супутнього обладнання,,1320.0,50110000-9;;;;;;;;;;;;;;;;;;;;
d5d320b8ab05436b91e46206df123c89,Послуги з технічного обслуговування електричних мереж та електричного обладнання,,219000.0,50710000-5;;;;;;;;;;;;;;;;;;;;
fab9e8a4c3a04fc6beac278632201770,Канцелярські товари,,3945.0,30192700-8;;;;;;;;;;;;;;;;;;;;
935715336e974cf888563814def2efa3,Послуги з виготовлення інформаційної продукції,,44000.0,92111000-2;;;;;;;;;;;;;;;;;;;;
319fdfe7dcab475798710ae8246d1c8a,Електична енергія (постачання електричної енергії),,43505000.0,09310000-5;;;;;;;;;;;;;;;;;;;;
"075f720a22c84994bd80fbb12e758a3d,Електрична енергія (ДК 021:2015 - 09310000-5 Електрична енергія) (електрична енергія з розподілом),""Закупівля здійснюється відповідно до вимог Закону України «Про публічні закупівлі» та Особливостей здійснення публічних закупівель товарів, робіт і послуг для замовників, передбачених Законом України “Про публічні закупівлі”, на період дії правового режиму воєнного стану в Україні та протягом 90 днів з дня його припинення або скасування затверджених постановою Кабінету Міністрів України від 12.10.2022 р. № 1178 (зі змінами)"",360000.0,09310000-5";;;;;;;;;;;;;;;;;;;;
3b85d46958554c9d8fc60fd95932ab21,Про закупівлю послуги з розподілу електричної енергії,,182481.31,65310000-9;;;;;;;;;;;;;;;;;;;;
"32880bce02af490bb525c3d8c9bd6ddb,""Хліб пшеничний вищого гатунку ДК 021:2015: 15810000-9 Хлібопродукти, свіжовипечені хлібобулочні та кондитерські вироби Єдиний закупівельний словник"",""Відкриті торги у порядку визначеному постановою Кабміну «Про затвердження особливостей здійснення публічних закупівель товарів, робіт і послуг для замовників, передбачених Законом України “Про публічні закупівлі”, на період дії правового режиму воєнного стану в Україні та протягом 90 днів з дня його припинення або скасування» від 12.10.2022 № 1178 зі змінами."",1008000.0,15811100-7";;;;;;;;;;;;;;;;;;;;
"11186eca713342eab6da0565e4152e79,""Журнал """"КАДРОВИК.UA"""""",,10644.0,22213000-6";;;;;;;;;;;;;;;;;;;;
"ddc88e657878417aa031a03d0fa1bbf7,""ДК 021:2015 09310000-5 - Електрична енергія ";;;;;;;;;;;;;;;;;;;;
"(Електрична енергія)"",,1956400.0,09310000-5";;;;;;;;;;;;;;;;;;;;
bc707a4f6cac43adab7ae322e54d6590,Ланцюги до бензопил,,4098.0,42670000-3;;;;;;;;;;;;;;;;;;;;
035c936aa79d418382f70f541c09c0da,Диски абразивні,,2540.0,14810000-2;;;;;;;;;;;;;;;;;;;;
"308458541980414d996aebdbf390f38c,""Механічні запасні частини, крім двигунів і частин двигунів"",,8710.5,34320000-6";;;;;;;;;;;;;;;;;;;;
95a4213578f043a5abbbace74552e606,Двигуни та їх частини,,1488.6,34310000-3;;;;;;;;;;;;;;;;;;;;
44fe1118d9c74a54901873076d550fd5,Мастильні засоби,,5573.76,09210000-4;;;;;;;;;;;;;;;;;;;;
905866a1fd174f16b9be747674d4aef2,Двигуни та їх частини,,39570.0,34310000-3;;;;;;;;;;;;;;;;;;;;
e986688242f5445bbce340134e07fa6e,Електрична енергія,,13611.3,09310000-5;;;;;;;;;;;;;;;;;;;;
418a1b9ae9fa499caa9eff42de37ed13,Канцтовари,,9315.54,30190000-7;;;;;;;;;;;;;;;;;;;;
b6e770c69b6d46b489608aa2c4754a02,Мастильні засоби (оливи),,1776.0,09210000-4;;;;;;;;;;;;;;;;;;;;
3b2eb35e633341b883da0a5ba3490ef3,Двигуни та їх частини,,4917.0,34310000-3;;;;;;;;;;;;;;;;;;;;
"3dfaa254a46a4cb09b8f1e899d40ef25,""Механічні запасні частини, крім двигунів і частин двигунів"",,6400.0,34320000-6";;;;;;;;;;;;;;;;;;;;
"7422c10e353f406b859807021b08d398,""Електрична енергія  за кодом ДК 021:2015 - 09310000-5 Електрична енергія";;;;;;;;;;;;;;;;;;;;
",,99996.06,09310000-5
4e684e1d42404a1e8fecc4bf2ee2e1e8,Послуги з передавання даних і повідомлень (електронні комунікаційні послуги),,20160.0,72411000-4
5987a06292f243fcb1799d5099d75724,природний газ,,82769.45,09120000-6
18d65030f2fc4b04ad89dbb7853552f6,Електрична енергія (Код ДК 021:2015:09310000-5 Електрична енергія),,251100.0,09310000-5
06e707a4e8ea4bb8a5f9853d5dd1b982,ДК 021:2015 код 72410000-7 Послуги провайдерів,,6000.0,72410000-7
b9d68e9b1a144e32a0d1cc367136d618,Адвокатські послуги, щодо  захисту, представництва інтересів та надання інших видів правничої (адвокатської) допомоги  КОД ДК 021:2015 - 79110000-8 Послуги з юридичного консультування та юридичного представництва";;;;;;;;;;;;;;;;;;;;
",,9600.0,79110000-8
a21f7054b7474e85a4c76605f11d031f,Послуги з організації харчування,,2746500.0,55320000-9
4f9fb07128f541e0846e16ff52a4bca0,Система ПР, Система ПК"",""Закупівля на 2024 рік, яку оголошують у 2023 році.";;;;;;;;;;;;;;;;;;;;
Умови оплати;;;;;;;;;;;;;;;;;;;;
Оплата здійснюється Замовником протягом десяти робочих днів після поставки Товару на підставі видаткових накладних.;;;;;;;;;;;;;;;;;;;;
Умови поставки;;;;;;;;;;;;;;;;;;;;
"Постачання Товару здійснюватиметься партіями відповідно до заявок Замовника."",927720.0,33190000-8";;;;;;;;;;;;;;;;;;;;
3e5b5e49747145c0bbcbd96c85f0c768,Послуги  з  усного  перекладу,,1000.0,79540000-1;;;;;;;;;;;;;;;;;;;;
"e77d39c2d05d4b86965ce7fa056c6379,Електрична енергія (код згідно Національного класифікатора ДК 021:2015: 09310000-5),""Електрична енергія (код згідно Національного класифікатора ДК 021:2015: 09310000-5)з послугою  передачі,  розподілу ."",865580.0,09310000-5";;;;;;;;;;;;;;;;;;;;
1adea63ba65946389defd74cc358b275,Багатофункціональний пристрій А4 ч/б Canon i-SENSYS MF272dw,,13100.0,30230000-0;;;;;;;;;;;;;;;;;;;;
65428c86cdc24a8184b866e2e0645f6d,Мастильні засоби (Масло автомобільне),,700.0,09210000-4;;;;;;;;;;;;;;;;;;;;
"b7f2518600a043a9b2aa9fa502ad42d7,""Класифікація за ДК 021-2015 (CPV) 79710000-4 - Охоронні послуги ( Цілодобове спостереження та технічне обслуговування за установкою пожежної автоматики, встановленної на об'єкті)"",,4380.0,79710000-4";;;;;;;;;;;;;;;;;;;;
47a3bcff43044dc482ed13d731c2a3a1,Електрична енергія,,250000.0,09310000-5;;;;;;;;;;;;;;;;;;;;
f948b6a3aeba4b699a928fe958c62fcc,Електрична енергія за кодом ДК 021:2015 - 09310000-5 Електрична енергія,,99950.0,09310000-5;;;;;;;;;;;;;;;;;;;;
9e1bd3f10eec46ce936706763929b07b,Електронні комунікаційні послуги (50 Мбіт/с Ратнівської АЗПСМ),,8640.0,64210000-1;;;;;;;;;;;;;;;;;;;;
"40b35d2fe1964570a16fb2b54fc5508a,""Електрична енергія, код ДК 021:2015 – 09310000-5 «Електрична енергія»"",,626639.83,09310000-5";;;;;;;;;;;;;;;;;;;;
"43c34b5f67d64ca5a0a49e5ef0a280c7,""ДК 021:2015 - 42920000-1 Машини для миття пляшок, пакування, зважування та розпилювання (42924740-8 Очисні апарати високого тиску)"",,628398.0,42924740-8";;;;;;;;;;;;;;;;;;;;
b26aa3ab1ebe4b05895b57645759f0b3,Гістологічне дослідження,,19195.0,85140000-2;;;;;;;;;;;;;;;;;;;;
7b1ed88f51b84eb797f1f3af0baf5755,Послуги з постачання теплової енергії ,,1540340.0,09320000-8;;;;;;;;;;;;;;;;;;;;
8cc2ac57bb344efda16d8b5f2e6ad227,Бензин А-95 (скретч картки/ паливні талони/ бланки дозволи),,255600.0,09132000-3;;;;;;;;;;;;;;;;;;;;
2b9bca824a5c41cebfb9ed5466a12dd8,Електрична енергія - код за ЄЗС ДК 021:2015 09310000-5 Електрична енергія,,2100830.0,09310000-5;;;;;;;;;;;;;;;;;;;;
9af01992faca4955902bd1e57b5bcb3d,Вершкове масло за ДК 021:2015 15530000-2,,23760.0,15530000-2;;;;;;;;;;;;;;;;;;;;
"8cf4072208054c55ad964a3aaec9aa46,""Постачання програмної продукції - програмного комплексу """"Медична інформаційна система Health24"""" в формі онлайн-доступу через всесвітню мережу Інтернет на базі хмарних обчислювальних потужностей (Право користування) та технічний супровід програмної продукції"",,99960.0,48810000-9";;;;;;;;;;;;;;;;;;;;
"3c51534495de4145ad97133d5e0106b3,""Послуги з проведення технічної інвентаризації нерухомого майна та виготовлення технічного паспорту на нерухоме майно: житловий будинок, що знаходиться за адресою: Харківська обл., Лозівський рн, с. Олексіївка, вул.Вишнева, буд.9"",,3000.0,71240000-2";;;;;;;;;;;;;;;;;;;;
"0a980e3778e9492b879aa1a00264ffa3,""Шприц ін'єкційний, шприц 100 мл катетерного типу"",""Закупівля на 2024 рік, яку оголошують у 2023 році.";;;;;;;;;;;;;;;;;;;;
Умови оплати;;;;;;;;;;;;;;;;;;;;
Оплата здійснюється Замовником протягом десяти робочих днів після поставки Товару на підставі видаткових накладних.;;;;;;;;;;;;;;;;;;;;
Умови поставки;;;;;;;;;;;;;;;;;;;;
"Постачання Товару здійснюватиметься партіями відповідно до заявок Замовника."",1168760.0,33140000-3";;;;;;;;;;;;;;;;;;;;
a24b2e3782944b8981a8f1c93d71bb4d,Утилізація сміття та поводження зі сміттям,,45738.0,90510000-5;;;;;;;;;;;;;;;;;;;;
"20c9a2668d1c48f19cdca96fc8dfce16,Послуги провайдерів (2 Лоти) (код ДК 021:2015 - 72410000-7 Послуги провайдерів),""1) найменування, місцезнаходження та ідентифікаційний код замовника в Єдиному державному реєстрі юридичних осіб, фізичних осіб - підприємців та громадських формувань, його категорія: ТРЕНІНГОВИЙ ЦЕНТР ПРОКУРОРІВ УКРАЇНИ"; 04050, м.Київ, ВУЛИЦЯ ЮРІЯ ІЛЛЄНКА, будинок 81-Б;43556710; Юридичні особи, які забезпечують потреби держави або територіальної громади;;;;;;;;;;;;;;;;;
2) назва предмета закупівлі із зазначенням коду за Єдиним закупівельним словником (у разі поділу на лоти такі відомості повинні зазначатися стосовно кожного лота) та назви відповідних класифікаторів предмета закупівлі і частин предмета закупівлі (лотів) (за наявності): Послуги провайдерів (2 Лоти) (код ДК 021:2015 - 72410000-7 Послуги провайдерів);;;;;;;;;;;;;;;;;;;;
ЛОТ №1 Електронні комунікаційні послуги (код ДК 021:2015 - 72410000-7 Послуги провайдерів);;;;;;;;;;;;;;;;;;;;
ЛОТ №2 Послуги доступу до мережі Інтернет (код ДК 021:2015 - 72410000-7 Послуги провайдерів);;;;;;;;;;;;;;;;;;;;
3) кількість та місце поставки товарів, обсяг і місце виконання робіт чи надання послуг: ;;;;;;;;;;;;;;;;;;;;
Місце надання послуг: ;;;;;;;;;;;;;;;;;;;;
ЛОТ №1 - вул. Юрія Іллєнка, 81-Б, м. Київ, 04050;;;;;;;;;;;;;;;;;;;;
ЛОТ №2 - вул. Проліскова, 8-В, м. Моршин, Львівська обл., 82482.;;;;;;;;;;;;;;;;;;;;
Кількість послуг: ;;;;;;;;;;;;;;;;;;;;
ЛОТ №1 - 1 послуга, детальніше визначено в Додатку 3 до тендерної документації;;;;;;;;;;;;;;;;;;;;
ЛОТ №2 – 1 послуга, детальніше визначено в Додатку 3 до тендерної документації.;;;;;;;;;;;;;;;;;;;;
4) очікувана вартість предмета закупівлі: 174 000,00 грн. (сто сімдесят чотири тисячі гривень 00 копійок) з ПДВ, в тому числі:;;;;;;;;;;;;;;;;;;;;
ЛОТ №1 Електронні комунікаційні послуги (код ДК 021:2015 - 72410000-7 Послуги провайдерів) - 168 000,00 грн. (Сто шістдесят вісім тисяч гривень 00 копійок) з ПДВ;;;;;;;;;;;;;;;;;;;;
ЛОТ №2 Послуги доступу до мережі Інтернет (код ДК 021:2015 - 72410000-7 Послуги провайдерів) – 6 000,00 грн. (шість тисяч гривень 00 копійок) з ПДВ.;;;;;;;;;;;;;;;;;;;;
5) строк поставки товарів, виконання робіт, надання послуг: ЛОТ №1, ЛОТ №2: з 01 січня 2024 року по 31 грудня 2024 року;;;;;;;;;;;;;;;;;;;;
6) кінцевий строк подання тендерних пропозицій: до 22.12.2023 00:00;;;;;;;;;;;;;;;;;;;;
7) умови оплати: ЛОТ №1: Абонент в повному розмірі оплачує Акт приймання-передачі наданих послуг у термін не більш ніж 20 календарних днів з дати початку розрахункового місяця.;;;;;;;;;;;;;;;;;;;;
ЛОТ №2: Абонент в повному розмірі оплачує акт здачі-приймання робіт (надання послуг) протягом 7 (семи) робочих днів з дня його підписання та виставлення рахунку.;;;;;;;;;;;;;;;;;;;;
8) мова (мови), якою (якими) повинні готуватися тендерні пропозиції: Усі документи, що входять до складу тендерної пропозиції та підготовлені безпосередньо учасником, мають бути складені українською мовою. ;;;;;;;;;;;;;;;;;;;;
     У разі надання учасником документів, що вимагаються цією тендерною документацією, складених учасником іноземною мовою в минулих періодах, та/або наданих сторонніми підприємствами чи установами, таких як: накази про призначення, протоколи зборів, договори, накладні, акти, виписки, листи-відгуки, технічні специфікації, сертифікати, паспорти якості тощо, та/або скріншоти сторінок з офіційних іноземних сайтів, та/або сканкопії публікацій іноземних друкованих видань або письмових підтверджень, повинні надаватися разом із їх автентичним перекладом українською мовою. ;;;;;;;;;;;;;;;;;;;;
Стандартні характеристики, вимоги, умовні позначення у вигляді скорочень та термінологія, пов’язана з товарами, роботами чи послугами, що закуповуються, передбачені існуючими міжнародними або національними стандартами, нормами та правилами, викладаються мовою їх загально прийнятого застосування.;;;;;;;;;;;;;;;;;;;;
"Уся інформація розміщується в електронній системі закупівель українською мовою, крім  тих випадків коли використання букв та символів української мови призводить до їх спотворення (зокрема, але не виключно адреси мережі """"інтернет"""", адреси електронної пошти, торговельної марки (знаку для товарів та послуг), загальноприйняті міжнародні терміни).";;;;;;;;;;;;;;;;;;;;
Учасники-нерезиденти України, які беруть участь у процедурі закупівлі, можуть додатково подати свою тендерну пропозицію, викладену англійською мовою. ;;;;;;;;;;;;;;;;;;;;
Переклад повинен бути засвідчений підписом учасника (якщо учасником є фізична особа – підписами перекладача та учасника-фізичної особи).;;;;;;;;;;;;;;;;;;;;
Визначальним є текст, викладений українською мовою.;;;;;;;;;;;;;;;;;;;;
9) розмір, вид та умови надання забезпечення тендерних пропозицій (якщо замовник вимагає його надати): не вимагається.;;;;;;;;;;;;;;;;;;;;
10) дата та час розкриття тендерних пропозицій, якщо оголошення про проведення відкритих торгів оприлюднюється відповідно до частини третьої статті 10 цього Закону: визначається автоматично;;;;;;;;;;;;;;;;;;;;
11) розмір мінімального кроку пониження ціни під час електронного аукціону у межах від 0,5 відсотка до 3 відсотків очікуваної вартості закупівлі або в грошових одиницях: ;;;;;;;;;;;;;;;;;;;;
Розмір мінімального кроку пониження ціни під час електронного аукціону складає – 1 відсоток від очікуваної вартості закупівлі.;;;;;;;;;;;;;;;;;;;;
12) математична формула для розрахунку приведеної ціни (у разі її застосування): Єдиним критерієм оцінки згідно даної процедури відкритих торгів є ціна (питома вага критерію – 100%). Згідно ч. 1 ст. 28 Закону оцінка тендерних пропозицій проводиться автоматично електронною системою закупівель на основі критерію і методики оцінки, зазначених у цій тендерній документації, та шляхом застосування електронного аукціону. До початку проведення електронного аукціону в електронній системі закупівель автоматично розкривається інформація про ціну та перелік усіх цін пропозицій, розміщений у порядку від найнижчої до найвищої ціни без зазначення найменувань та інформації про учасників. Під час проведення електронного аукціону в електронній системі закупівель відображаються значення ціни тендерної пропозиції учасника. Електронний аукціон здійснюється у відповідності з положеннями ст. 30 Закону.;;;;;;;;;;;;;;;;;;;;
1.3. До оцінки тендерних пропозицій приймається сума, що становить загальну вартість тендерної пропозиції кожного окремого учасника, розрахована з урахуванням вимог щодо технічних, якісних та кількісних характеристик предмету закупівлі, визначених цією документацією, в тому числі з урахуванням включення до ціни податку на додану вартість (ПДВ), якщо учасник є платником ПДВ, інших податків та зборів, що передбачені чинним законодавством, та мають бути включені таким учасником до вартості товарів, робіт або послуг.;;;;;;;;;;;;;;;;;;;;
",174000.0,72410000-7
0c4b51a1c11f4b7c96c7f370589a68c3,Технічне обслуговування технічних засобів пожежної сигналізації у будівлях,,57600.0,50413200-5
d0cc30bf23ab427e96423d2e23c88464,90510000-2 утилізація/видалення сміття та поводження зі сміттям (Вінниця),,5151.6,90510000-5
6b4e6aff74b148de882b20b272143843,Послуги із забезпечення громадської безпеки, охорони правопорядку та громадського порядку"",послуги із фізичної охорони,530000.0,75240000-0";;;;;;;;;;;;;;;;;;;;
028d7ae3cd3845a99ff161101ad3ee25,Послуги у сфері інформатизації,,20160.0,72250000-2;;;;;;;;;;;;;;;;;;;;
"83654946ae7d4f22ae73f46009d24b34,""Натрію оксибутират, розчин для ін'єкцій, 200мг/мл, по 10 мл в ампулі, №10"",""Натрію оксибутират, розчин для ін'єкцій, 200мг/мл, по 10 мл в ампулі, №10"",1388.0,33660000-4";;;;;;;;;;;;;;;;;;;;
d687fcb833834d6d9cfa288d4202f033,Оброблені фрукти та овочі,,300000.0,15330000-0;;;;;;;;;;;;;;;;;;;;
"71fb096622174a65afe861b3a589ada0,""Електрична енергія, код 09310000-5 – Електрична енергія  за ДК 021:2015 Єдиного закупівельного словника"",,73381.0,09310000-5";;;;;;;;;;;;;;;;;;;;
"18516ae441ce41fd8f5cb7dcc462b648,""Програмна продукція - програмного комплексу """"Медична інформаційна система """"Health24"""" (ДК 021:2015 - 48810000-9 Інформаційні системи)"",,97920.0,48810000-9";;;;;;;;;;;;;;;;;;;;
819e0183d7c443c89e18ef181b9385f5,Електрична енергія,,335017.0,09310000-5;;;;;;;;;;;;;;;;;;;;
7fc2da573f564d85a597d03e4bbb9c33,Електронні комунікаційні послуги (30 Мбіт/с Самарівської АЗПСМ),,5040.0,64210000-1;;;;;;;;;;;;;;;;;;;;
"56d9952642f9408396107607014fe001,"" Послуги з технічної підтримки користувачів  медичної інформаційної системи """"МедЕйр"""" (ДК 021:2015 72253000-3 Послуги з підтримки користувачів та з технічної підтримки)  (ДК 021:2015 72250000-2 Послуги, пов'язані із системами та підтримкою)"",,90000.0,72253000-3";;;;;;;;;;;;;;;;;;;;
723dad1e1e054227b65c94be809b83ec,79710000-4 Охоронні послуги (Послуга з цілодобової охорони території та об’єктів КУ Миколаївський зоопарк) на 2024 рік,Уся документація надається виключно на українській мові,3338652.0,79710000-4;;;;;;;;;;;;;;;;;;;;
"6b5708d87e57479a950ac088b3c1fce4,""32550000-3 Телефонне обладнання (телефонне обладнання, телефони, кабелі, обладнання для телефонних мереж)"",,99900.0,32550000-3";;;;;;;;;;;;;;;;;;;;
8c71612581974aa89a4d4c31e12e0fdc,Знаряддя  (Топорище 50 см. (бук)),,50.0,44510000-8;;;;;;;;;;;;;;;;;;;;
"2a75881e5fe441058c47879a2c195e3b,""Стегно куряче, охолоджене, ДСТУ 3143, 1 кг, Філе куряче, охолоджене, ДСТУ 3143, 1 кг"",,539400.0,15110000-2";;;;;;;;;;;;;;;;;;;;
a9af72b6ef3344fcb9fa5e6cb2314dd9,Електрична енергія,,66000.0,09310000-5;;;;;;;;;;;;;;;;;;;;
"935b74c58e8a412eae17b8d7aace7e78,""Послуги їдалень (Організація гарячого харчування) ";;;;;;;;;;;;;;;;;;;;
ДК 021:2015: 55510000-8: Послуги їдалень;;;;;;;;;;;;;;;;;;;;
,Послуги їдалень (Організація гарячого харчування) ;;;;;;;;;;;;;;;;;;;;
ДК 021:2015: 55510000-8: Послуги їдалень. 1-разове готове гаряче харчування для харчування громадян похилого віку, осіб з інвалідністю, отримувачів соціальної послуги денного догляду .;;;;;;;;;;;;;;;;;;;;
",243540.0,55510000-8
eb38307681ce4d998532ba1e61a4618e,Хліб пшеничний нарізний та житньо-пшеничний нарізний ,,210335.0,15810000-9
8cc436c1b0a74a54bf2b1bd4649f486d,Послуги з проведення технічної інвентаризації нерухомого майна та виготовлення технічного паспорту на нерухоме майно: свердловина, що знаходиться за адресою: Харківська обл., Лозівський р-н, с.Картамиш, вул.Щаслива, 70"",,4650.0,71240000-2";;;;;;;;;;;;;;;;;;;;
"56f147ffb3554a7f94f48a4d2fe8920f,""Послуги з передавання даних  і повідомлень (електронні комунікаційні послуги зв'язку з Інтернетом), а також послуги, пов'язані технологічно з електронними комунікаційними послугами ДК 021:2015 72420000-0"",,92131.2,72420000-0";;;;;;;;;;;;;;;;;;;;
6b6225fdb4144137b76f821fd140ac1f,Картопля за ДК 021:2015 03210000-6,,19200.0,03212100-1;;;;;;;;;;;;;;;;;;;;
"ef94ffed3d3e4ad697ce005e14aefc7c,""Класифікація за ДК 021-2015 (CPV) 79710000-4 - Охоронні послуги ( Спостереження за ручними системами тривожної сигналізації, що встновлені на об'єктах з реагуванням наряду поліції охорони)"",,8700.0,79710000-4";;;;;;;;;;;;;;;;;;;;
ba86444c055b4dfd8189e21e75b2c29e,Електрична енергія (універсальна послуга),,1535300.0,09310000-5;;;;;;;;;;;;;;;;;;;;
8716398e20ca4e44967751ab33ebdb96,Заправка та відновлення картриджів (код за ДК 021:2015 50310000-1 Технічне обслуговування і ремонт офісної техніки),,66000.0,50310000-1;;;;;;;;;;;;;;;;;;;;
aa2f3938252048ff9bf3156813b1d782,Електрична енергія,,1330000.0,09310000-5;;;;;;;;;;;;;;;;;;;;
da62110946cf4de5b9c7b87c0b490383,ДК 021:2015:09310000-5 «Електрична енергія» (електрична енергія),До ціни пропозиції мають бути включені витрати на послуги з передачі електричної енергії за регульованим тарифом.,5580000.0,09310000-5;;;;;;;;;;;;;;;;;;;;
55e59f7bac48427aa300c939cca34836,Доступ до мережі інтернет (код ДК 021:2015 - 72410000-7 Послуги провайдерів),,2800.0,72410000-7;;;;;;;;;;;;;;;;;;;;
7999553391434f63a25db4c5bbab300a,Електронні комунікаційні послуги (30 Мбіт/с Жиричівської АЗПСМ),,4800.0,64210000-1;;;;;;;;;;;;;;;;;;;;
ff16dd96123948b8a9bfb1b0fa5bc067,Послуги з обслуговування програмного забезпечення,,1850.0,72260000-5;;;;;;;;;;;;;;;;;;;;
"eef687e970ad48099056b5ac83e413c0,""ДК 021:2015 15860000-4 Кава, чай та супутня продукція (чай чорний)"",,97500.0,15863200-7";;;;;;;;;;;;;;;;;;;;
e819b03abd9f48328ce3632e0b9c748c,Лічильна та обчислювальна  техніка,,350.0,30140000-2;;;;;;;;;;;;;;;;;;;;
"82ac9453918c4f00bcf0f63624acbfd0,""Природний газ , код 09120000-6 «Газове паливо»"",,112566.45,09120000-6";;;;;;;;;;;;;;;;;;;;
32bf8689c4374d048fa8a8e39937ad7c,Послуги цілодобової фізичної охорони,,324000.0,79710000-4;;;;;;;;;;;;;;;;;;;;
b6f9434e3ffd4e519de339484687e812,Яйця за ДК 021:2015 03140000-4,,41300.0,03142500-3;;;;;;;;;;;;;;;;;;;;
"d4947e4d1a62446c85158dbd198beb40,""Папір офісний, форматний"",,44500.0,30190000-7";;;;;;;;;;;;;;;;;;;;
8c687c275abf40ff8040b975c3e3ff95,Класифікація за ДК 021-2015 (CPV) 79710000-4 - Охоронні послуги ( Централізована охорона майна на об'єкті з реагуванням наряду поліції охорони),,5820.0,79710000-4;;;;;;;;;;;;;;;;;;;;
c6bde4cecacc45bb840c539c90074585,Електрична енергія,,4320000.0,09310000-5;;;;;;;;;;;;;;;;;;;;
244c7d1e30914594910946333a473326,Обслуговуванння системи протипожежного захисту,,9000.0,50413200-5;;;;;;;;;;;;;;;;;;;;
"b9b3a257d23a40a6b1272eccb1f8bd36,""Макарони, кус-кус"",""Закупівля проводиться по очікуваних видатках на 2024 рік згідно «Особливостей здійснення публічних закупівель товарів, робіт і послуг для замовників, передбачених Законом України “Про публічні закупівлі”, на період дії правового режиму воєнного стану в Україні та протягом 90 днів з дня його припинення або скасування» затверджених постановою Кабінету Міністрів України від 12 жовтня 2022 р. №1178 (зі змінами)."",541672.0,15851100-9";;;;;;;;;;;;;;;;;;;;
"1f8f2e05efa544b781ab1a6dbaaa5777,""30120000-6 Фотокопіювальне та поліграфічне обладнання для офсетного друку (принтери і БФП, запчастини та витратні матеріали до принтерів та БФП)"",,99900.0,30120000-6";;;;;;;;;;;;;;;;;;;;
1cef9b6e7eba4323a7f815fc07f699bc,Електронні комунікаційні послуги (30 Мбіт/с Кортелівської АЗПСМ),,5040.0,64210000-1;;;;;;;;;;;;;;;;;;;;
819c284900694d40b192c5d0a77c70a1,Послуги телефонного зв’язку та передачі даних,,65000.0,64210000-1;;;;;;;;;;;;;;;;;;;;
d8509736675144de88d5a13d48748bf1,Послуги з комп'ютерної підтримки користувачів,,90000.0,72250000-2;;;;;;;;;;;;;;;;;;;;
"9015833100eb46a1b0c8415186983996,код 09310000-5 - Електрична енергія за ДК 021:2015 «Єдиний закупівельний словник» (код номенклатурної позиції 09310000-5 - Електрична енергія)  (з урахуванням вартості послуги з передачі електроенергії  та без урахування вартості послуг з розподілу електричної енергії),""Згідно умов цієї процедури закупівлі на 2024 рік тендерною документацією вважається сукупність інформації у вигляді заповнених електронних полів в розділі """"Тендерна документація"""" та прикріпленого текстового документу """"ТЕНДЕРНА ДОКУМЕНТАЦІЯ"""" з додатками, що містить всю іншу інформацію, передбачену згідно ст. 22 Закону. Інформація про відсутність підстави для відмови в участі у процедурі закупівлі згідно ч. 2 ст. 17 Закону України «Про публічні закупівлі» надається учасником у складі тендерної пропозиції згідно умов тендерної документації. З урахуванням обсягу фінансування видатків замовника до розгляду не приймається тендерна пропозиція, ціна якої є вищою ніж очікувана вартість предмета закупівлі, визначена замовником в оголошенні про проведення цих відкритих торгів."",1704500.0,09310000-5";;;;;;;;;;;;;;;;;;;;
"c5024ebdff654f9d81bec8f94736360f,""Послуги:Технічне обслуговування і ремонт офісної техніки). Код ДК 021:2015 50310000-1 Технічне обслуговування і ремонт офісної техніки).";;;;;;;;;;;;;;;;;;;;
",,9453.12,50310000-1
7b525c15fca04bd28dd0be7bc9e7501e,Послуги з обслуговування системи протпожежного захисту,,5688.0,50410000-2
26adb792482b47f0bcb996d39e4901b9,Надання аварійно-рятувальних послуг при виникненні аварійних ситуацій під час виконання аварійно-відновлюваних робіт за кодом ДК 021:2015 75250000-3 """"Послуги пожежних і рятувальних служб"""""",,99600.0,75250000-3";;;;;;;;;;;;;;;;;;;;
270fccb771f74767b2f5751c1e330ea0,Послуги з технічного обслуговування автомобілів за грудень 2023р. ,,2240.0,50110000-9;;;;;;;;;;;;;;;;;;;;
e339c666783e46f384cfe5a7b7dfb99f,Класифікація за ДК 021-2015 (CPV)72410000-7 - Послуги провайдерів (Надання доступу до мережі Інтернет),,24000.0,72410000-7;;;;;;;;;;;;;;;;;;;;
"d01c0b4a526c4f4bbf2accf7706da162,""Послуги передавання даних і повідомлень (електронні комунікаційні послуги), а також послуги, пов'язані технологічно з електронними комунікаційними послугами ДК 021:2015 72710000-0"",,62899.2,72710000-0";;;;;;;;;;;;;;;;;;;;
"abd32605829d4ecc836e5a40ef1a337c,""Надання послуг з обслуговування програмного забеспечення """"АС- Зарплата"""""",,16800.0,72260000-5";;;;;;;;;;;;;;;;;;;;
76389ffc93474ccb9664a2e3159261ae,50413200-5 послуги з ремонту і технічного обслуговування протипожежного обладнання (Вінниця),,7413.12,50413200-5;;;;;;;;;;;;;;;;;;;;
"7715536eb6ae4a29998de4229ae6d823,""Виконання робіт з розробки проектної документації за кодом CPV ДК 021:2015 71320000-7: Капітальний ремонт реабілітаційного центру (частина-1) Комунального некомерційного підприємства """"Ратнівська центральна районна лікарня """" Ратнівської селищної ради по вул. Європейська,64 в смт Ратне Ковельського району Волинської області"",""Зміни до річного плану закупівель на 2023 р, кошти спеціального фонду, Категорія: підприємства,установи, організації, зазначені у пункті 3 частини першої статті 2 ЗУ""""Про публічні закупівлі"""""",89760.0,71320000-7";;;;;;;;;;;;;;;;;;;;
d90f15d378084e45a5ecdf52c066c0d1,Послуга з технічного обслуговування вузлів обліку газу,Послуга з технічного обслуговування вузлів обліку газу для систем опалення приміщень підрозділів Черкаського обласного центру зайнятості,37000.0,50530000-9;;;;;;;;;;;;;;;;;;;;
"c29c8818713e4ba0a8ecfce805ad3854,""Послуги з технічної підтримки користувачів Медичної системи """" МедЕйр"""" КОД ДК 021:201572250000-2 - Послуги, пов’язані із системами та підтримкою"",,36000.0,72250000-2";;;;;;;;;;;;;;;;;;;;
a28039a554744b5184bf777b88d1efba,Послуги доступу до медичної інформаційної системи та крипто-виробу.,,43200.0,48810000-9;;;;;;;;;;;;;;;;;;;;
"77cd4308c08441308678715bace5ed48,Послуги з ремонту і технічного обслуговування персональних компютерів  (Ремонт системного блоку)	 ,,1800.0,50320000-4";;;;;;;;;;;;;;;;;;;;
"4b7ab925c7bf4b1b98da3f6f9141a40b,""ДК 021:2015 код 72410000-7 Послуги провайдерів (Придбання послуг доступу до мережі Інтернет та передачі даних """"Бізнес -Гігабіт"""")"",,12000.0,72410000-7";;;;;;;;;;;;;;;;;;;;
76aee8fb8f524fe8931f9aaf5b1fbdcc,Сіль харчова,Сіль харчова,420.0,15870000-7;;;;;;;;;;;;;;;;;;;;
d658215957fe469b98c7dfcde78598ad,Лічильники NIK 2303 ARP3 1000 M11,,3800.0,38550000-5;;;;;;;;;;;;;;;;;;;;
276f871a80164beaa41447b4e2947391,Частини для сільськогосподарської техніки,,8340.0,16810000-6;;;;;;;;;;;;;;;;;;;;
"0fcf56ac6bd24f19b263707336f61c48,""ДК 021:2015 - 75240000-0 Послуги із забезпечення громадської безпеки, охорони правопорядку та громадського порядку (послуги про спостереження за ручними системами тривожної сигналізації, що встановлені на об’єктах з реагуванням наряду поліції охорони)"",,13800.0,75240000-0";;;;;;;;;;;;;;;;;;;;
3844b97ffcb345c4a3e4172c55d5efe2,Послуги провайдерів,,80496.0,72410000-7;;;;;;;;;;;;;;;;;;;;
1b1d542189fe4297a706c1f60c7bf6ec,Послуги  по обслуговуванню програмного забезпечення  для бухгалтерії,,8400.0,72260000-5;;;;;;;;;;;;;;;;;;;;
671b002eb0f34804b2a79b8544a93f7b,електрична енергія,,80000.0,09310000-5;;;;;;;;;;;;;;;;;;;;
977f7e729ac94d038054774aaf26e4a1,09120000-6 - Газове паливо (природний газ),,17878.2,09123000-7;;;;;;;;;;;;;;;;;;;;
"5471b58db459470c86ff4e243da97e1e,""Овочі, фрукти та горіхи за ДК 021:2015 03220000-9"",,42300.0,03221111-7";;;;;;;;;;;;;;;;;;;;
"95c48de12afc4f1e91bb9698cafbf007,""Цистерни, резервуари, контейнери та посудини високого тиску (Бак розширювальний вертикальний ROZ-NAVI 50л 10бар";" Бак розширювальний вертикальний ROZ-NAVI 200л 10бар)"",,17400.0,44610000-9";;;;;;;;;;;;;;;;;;;
01015ad52bab490cbae7f679f5a50119,Індивідуальне обмундирування,Індивідуальне обмундирування,0.0,35810000-5;;;;;;;;;;;;;;;;;;;;
f9e8754653914bc9b6605b3a81fa016a,Про закупівлю послуги із забезпечення перетікань реактивної електроенергії,,12000.0,65310000-9;;;;;;;;;;;;;;;;;;;;
"c652abc263784932b9f8f3e691960842,""Послуги з централізованого водопостачання. м. Бердичів, вул. Грушевського,26. ДК 021:2015--65110000-7 Розподіл води."",,6670.92,65110000-7";;;;;;;;;;;;;;;;;;;;
c43076aba8514b50943b92538060dd8d,Чай ваговий,Чай ваговий,460.0,15860000-4;;;;;;;;;;;;;;;;;;;;
"117bb0a974ca40b280778d73698eb920,""Тістоміс Кenwood, насадка на мясорубку kenwood"",,18998.0,39220000-0";;;;;;;;;;;;;;;;;;;;
ecd88fb2106d45eaa857b408003f0622,«Електрична енергія (код за ДК 021:2015:09310000-5) — Електрична енергія»,Потреба на 2024 рік без врахування послуги з розподілу,660000.0,09310000-5;;;;;;;;;;;;;;;;;;;;
2a90eaf79a3c4b319b30a94906f74219,Матеріали для проведення ремонтних робіт господарським способом,,5135.37,44210000-5;;;;;;;;;;;;;;;;;;;;
"15e1e240ea424698b7dffab04dbb9e35,""Борошно пшеничне, сорт другий, ГСТУ 46.004, 1 кг"",""Борошно пшеничне, сорт другий, ГСТУ 46.004, 1 кг"",280.0,15610000-7";;;;;;;;;;;;;;;;;;;;
76db9adb979d4fc6811b4c0c52d2a5b4,Електрична енергія (ДК 021:2015 09310000-5 Електрична енергія),,1433140.0,09310000-5;;;;;;;;;;;;;;;;;;;;
"8c2824bbc9c54b6085e845d970c55deb,""Килимові покриття, килимки та килими"",,3439.92,39530000-6";;;;;;;;;;;;;;;;;;;;
a4fc89e7259c4ef9a51afaaacc8867b9,Послуги доступу до мережі інтернет у центрах обслуговування клієнтів (м.Львів),,21000.0,64210000-1;;;;;;;;;;;;;;;;;;;;
87f8c3d2324b4d8ab592fc137c36e6e3,Яйце куряче столове (ДК 021:2015: 03140000-4 - Продукція тваринництва та супутня продукція),,64200.0,03140000-4;;;;;;;;;;;;;;;;;;;;
6eded1721e44419f9559bb2f5f9082e5,31650000-7 Ізоляційне приладдя (штанги ізолюючі оперативні),,69900.0,31650000-7;;;;;;;;;;;;;;;;;;;;
3e1474b994744937b383eb6058e776bc,Послуги з юридичного консультування та юридичного представництва,,2500.0,79110000-8;;;;;;;;;;;;;;;;;;;;
e19737f5844a41daaa7506826a93849d,Природний газ,,79458.67,09120000-6;;;;;;;;;;;;;;;;;;;;
da3d9e8f6a964bde8b66eb574b9b2211,Послуги з постачання теплової енергії ,,90000.0,09320000-8;;;;;;;;;;;;;;;;;;;;
55b74ba3a45f4ff098f9c373091c6151,постачання електричної енергії,,70000.0,09310000-5;;;;;;;;;;;;;;;;;;;;
447692d430cb4c79a0f1539708b3c519,Старлінк Internet Satellite Dish Kit V2 для пункту незламності,,27300.0,32530000-7;;;;;;;;;;;;;;;;;;;;
72f8e15410f94674a969c52704f11eec,М’ясо,,905000.0,15110000-2;;;;;;;;;;;;;;;;;;;;
4d897f67e1944c328ffbc2c8e4c93552,Вершкове масло,,147500.0,15530000-2;;;;;;;;;;;;;;;;;;;;
c8795d58b19b4bb7a08d1205468db087,Електрична енергія,,37727400.0,09310000-5;;;;;;;;;;;;;;;;;;;;
"c791c00f6b1b4e4eb8ec74fc84273523,""Морква свіжа, першого товарного сорту, ДСТУ 7035, 1 кг, Огірки свіжі, тепличні, короткоплідні (до 14см), ДСТУ 3247, 1 кг, Кабачки свіжі, ґатунок перший, ДСТУ 318, 1 кг, Цибуля ріпчаста свіжа, ґатунок другий, від 3 см, ДСТУ 3234, 1 кг, Капуста білоголова свіжа, середньостигла, перший ґатунок, ДСТУ 7037, 1 кг"",""Морква свіжа, першого товарного сорту, ДСТУ 7035, 1 кг, 903146-03220000-724516-40996564, 903165-03220000-390876-40996564, 903131-03220000-315720-40996564, 903134-03220000-342769-40996564"",4540.0,03220000-9";;;;;;;;;;;;;;;;;;;;
"adbea5b35a6d472dab0c729668e7634e,""Послуги з технічного обслуговування справних та працездатних систем протипожежного захисту: пожежної сигналізації, оповіщення про пожежу та управління евакуацією людей та спостерігання за пожежною автоматикою на об'єкті: корпус для лінійного прискорювача та будівля променевої терапії (радіологія)(код за ДК 021:2015 50410000-2 Послуги з ремонту і технічного обслуговування вимірювальних, випробувальних і контрольних приладів)"",,36000.0,50410000-2";;;;;;;;;;;;;;;;;;;;
"cd8faad0993f41a4bde9336ffc863b2e, Паперові чи картонні реєстраційні журнали (Розрахункові книжки)	,,2500.0,22810000-1";;;;;;;;;;;;;;;;;;;;
4c492f5521564fec939612238880e8c6,ДК 021-2015 (CPV) 09120000-6 - Газове паливо(Природний газ),,1820927.9,09123000-7;;;;;;;;;;;;;;;;;;;;
5e7455781c8642d2abbb831de7ce816f,Пакети програмного забезпечення для фінансового аналізу та бухгалтерського обліку,,38700.0,48440000-4;;;;;;;;;;;;;;;;;;;;
"e44dca8c052843e6b5c266c9012544f3,""Природний газ, код 09120000-6 «Газове паливо» за ДК 021:2015 Єдиного закупівельного словника"",,573592.28,09120000-6";;;;;;;;;;;;;;;;;;;;
56c46ff8bce24e9f8609b565c765c31f,Послуги з  доступу до мережі інтернет,,30000.0,72410000-7;;;;;;;;;;;;;;;;;;;;
"755308b6bbf94fbaba3367f56d04e0c5,ДК 021:2015: 09310000-5 Електрична енергія (електрична енергія для закладів освіти Вигодської селищної ради),""Закупівля здійснюється відповідно до ЗУ «Про публічні закупівлі» та ПКМУ №1178 від 12.10.2022р. «Про затвердження особливостей здійснення публічних закупівель товарів, робіт і послуг для замовників, передбачених Законом України “Про публічні закупівлі”, на період дії правового режиму воєнного стану в Україні та протягом 90 днів з дня його припинення або скасування»."",1051052.5,09310000-5";;;;;;;;;;;;;;;;;;;;
"71b608c61ef84417bba9e6b4cafe4c1d,Транспортні послуги,""Обґрунтування технічних та якісних характеристик закупівлі та його очікуваної вартості. ";;;;;;;;;;;;;;;;;;;;
Технічні та якісні характеристики предмета закупівлі визначені відповідно до потреб замовника та з урахуванням вимог нормативних документів. Очікувана вартість обрахована відповідно до пункту 1 Розділу 3 «Примірної методики визначення очікуваної вартості предмета закупівлі» затвердженої Наказом Міністерства розвитку економіки, торгівлі та сільського господарства України №275 від 18.02.2020 року методом порівняння ринкових цін. ;;;;;;;;;;;;;;;;;;;;
",2261900.0,60170000-0
cf68e1a4e4a94f7ab54c55a3631df950,ДК 021:2015 код 09320000-8 Пара, гаряча вода та пов’язана продукція (виробництво, постачання теплової енергії)"",,3140618.8,09320000-8";;;;;;;;;;;;;;;;;;;;
f63d5e60debd4a68b05aa288fb63ccca,Електрична енергія,,118707.94,09310000-5;;;;;;;;;;;;;;;;;;;;
d0e9d0ee686d46ddac7acbf7e90699bd,Знаряддя,,390.0,44510000-8;;;;;;;;;;;;;;;;;;;;
"d152231efb9a4496b9a1f4a73ea33758,""Послуги централізованого водовідведення. м. Бердичів, вул. Грушевського,26. ДК 021:2015-90430000-0 Послуги з відведення стічних вод."",,2034.12,90430000-0";;;;;;;;;;;;;;;;;;;;
04533632201045be8432cb2521a32662,Мішки та пакети (рюкзак),Мішки та пакети (рюкзак),0.0,18930000-7;;;;;;;;;;;;;;;;;;;;
a83e260313314b4cb10fcf15d1202f98,Електрична енергія,,1935897.0,09310000-5;;;;;;;;;;;;;;;;;;;;
3a8965d49efd49dcb965aaaf9331882d,Природний газ,,46350.89,09120000-6;;;;;;;;;;;;;;;;;;;;
"1f94095e47ea4b199f6a41ec6afbec2b,""ДК 021:2015:44510000-8 Знаряддя (лопата совкова, лопата сніг.)";;;;;;;;;;;;;;;;;;;;
",,1340.0,44510000-8
30a90bf93787427b804f0e84734aa71a,Інформаційні системи (Послуги доступу до сервісів Медичної інформаційної системи)";;;;;;;;;;;;;;;;;;;;
",,515460.0,48810000-9
e7f27b824b614c7e94378b39c8d46e5a,Послуги передачі даних,,1030560.0,64212500-0
3983a663b30744ee86806ecfd6ed7e02,код 15510000-6 «Молоко та вершки» (15511200-5 - Стерилізоване молоко. Молоко стерилізоване 3,2% жиру для дитячого харчування)"",,549413.45,15510000-6";;;;;;;;;;;;;;;;;;;;
"1e5c5eb4621e4659b4fc2e4402cfa5fd,""Код ДК 021:2015 7271 0000-0 Послуги у сфері локальних мереж ( Послуги з технічного обслуговування установки комп*ютерної мережі встановленої на об*єкті КНП ТОКПЦ """"Мати і дитина"""" ТОР , за адресою м.Тернопіль , вул. Замкова ,10)"",,39000.0,72710000-0";;;;;;;;;;;;;;;;;;;;
eb72a3a3c5f3430d9f5d9e5717a1da93,Послуги з відведення стічних вод,,147820.0,90430000-0;;;;;;;;;;;;;;;;;;;;
"ce5d44bf57d746f291995167d5217d28,""ДК 021:2015:45520000-8 - Прокат обладнання з оператором для виконання земляних робіт (послуги автомобіля ЗІЛ 130 промивка каналізацій 06.10.2023 ТТН №45"; послуги слюсаря АВР 06.10.2023);;;;;;;;;;;;;;;;;;;
",,2669.5,45520000-8
20428aae5a0245e7a80a1fc5b8691dff,Електрична енергія, формульне ціноутворення, з розподілом"",,312600.0,09310000-5";;;;;;;;;;;;;;;;;;;;
"503f85ea595a47e996ad8b2f811a8328,""Загальні протиінфекційні засоби для системного застосування, вакцини, антинеопластичні засоби та імуномодулятори"",,5178950.0,33690000-3";;;;;;;;;;;;;;;;;;;;
"51097fc5fa2e443eaec1d48c5cc697a8,""ДК 021:2015:24910000-6 Клеї (клей акрил. КСС 1,5)";;;;;;;;;;;;;;;;;;;;
",,112.5,24910000-6
29735ed3a04b4632af6e550b11d08975,Послуги з ремонту і технічного обслуговування автомобілів,,0.0,50112000-3
39912df650e34052a3fed4d6c8180fa3,42140000-2 – Зубчасті колеса, зубчасті передачі та приводні елементи (Хрестовина вала кардану)"",,2990.0,42140000-2";;;;;;;;;;;;;;;;;;;;
32db7f6c2be4484ca60de0615e055a4a,Пакети програмного забезпечення для обліку часу чи людських ресурсів,,21850.0,48450000-7;;;;;;;;;;;;;;;;;;;;
80a99afb60e84b8784a755f7ebb83cb1,ДК 021:2015 15130000-8 М'ясопродукти (Сосиски),,99200.0,15131130-5;;;;;;;;;;;;;;;;;;;;
1dc73f98721e45c3bc553ae4910c5a97,обов'язкове страхування цивільно-правової відповідальності власників наземних транспортних засобів,,1260.0,66510000-8;;;;;;;;;;;;;;;;;;;;
1be07946e98e4552af42c45cf2009000,код 15540000-5 - Сирні продукти ( код 15542000-9 - Свіжий сир (сир кисломолочний 15% жиру для дитячого харчування),,265197.3,15540000-5;;;;;;;;;;;;;;;;;;;;
"6a6aa90c0b524502a91e7bf5b4125f18,""Електрична енергія (ДК 021:2015-09310000-5 """"Електрична енергія"""")"",,53336594.56,09310000-5";;;;;;;;;;;;;;;;;;;;
c93100df304242cbab77513fe34e8771,19640000-4 Поліетиленові мішки та пакети для сміття (мішки для сміття),,99900.0,19640000-4;;;;;;;;;;;;;;;;;;;;
262cbb268ccd46ca8a251333a067f580,ДК 021:2015: 09310000-5 – Електрична енергія (Електрична енергія на 2024 рік),,1980000.0,09310000-5;;;;;;;;;;;;;;;;;;;;
"2adc38369bdb4bd68b1b3fd23c6573d9,""Послуги з адміністрування програмного забезпечення (здійснення збору, систематизації та аналізу інформації щодо сформованих земельних ділянок та прав на них в межах Базар'янської сільської ради (КОАТУУ: 5125080200), з використання інформаційного ресурсу"",,25000.0,72260000-5";;;;;;;;;;;;;;;;;;;;
eb5d44aea7f34d42bc4783c7cd7a4feb,розподіл електричної енергії,,462381.12,65310000-9;;;;;;;;;;;;;;;;;;;;
c745b066473e4708a8ac6903fa716c98,Мастильні засоби ,,43863.0,09211000-1;;;;;;;;;;;;;;;;;;;;
d6e7e3e2803643539848146338564906,Газове паливо (ДК 021:2015-09120000-6),,430401.14,09120000-6;;;;;;;;;;;;;;;;;;;;
237b00e49d9e41439c44dd4137daa5b8,Послуги з технічного обслуговування насосів.,,151200.0,50510000-3;;;;;;;;;;;;;;;;;;;;
"99a4ca65eea14770a01f9e0ec4a68b41,""Очищена питна вода т.м. """"Здорова вода"""" ( код за ДК 41110000-3 Питна вода )"",,14880.0,41110000-3";;;;;;;;;;;;;;;;;;;;
f4567c79154e42dbb282f0b55aa3f762,Фарба гумова оранж. 1 л; Фарба гумова біла 1 л;  Фарба гумова 3 л; Емаль біла 115; Водоемульсія 10 л (код ДК 021:2015 - 44810000-1 Фарби),,2585.0,44810000-1;;;;;;;;;;;;;;;;
baddb011e1164859bc6410e84e964f3e,постачання теплової енергії,,5133903.54,09320000-8;;;;;;;;;;;;;;;;;;;;
73b5c2baed004e5db9b0b1b68539acaa,ДК 021:2015  код 33180000-5 - Апаратура для підтримування фізіологічних функцій організму (НК 024:2023 код: 47072 – Діалізатор для гемодіалізу з порожніми волокнами одноразового застосування; 34999 – Набір трубок для гемодіалізу одноразового застосування; 35849 – Концентрат для гемодіалізу; 12741 – Гемодіалізна голка; 47739 – Фільтр для очищення діалізату від пірогенів до системи гемодіалізу),Строк поставки товару: з моменту підписання договору по 31.12.2024 рік.,3617700.0,33181500-7;;;;;;;;;;;;;;;;
3eb6c89848004900898d1b8973b48fc4,Оновлення програмного продукту MEC RUSLAN-2023 до нової версії MEC RUSLAN-2024-3.1,,10000.0,72260000-5;;;;;;;;;;;;;;;;;;;;
"b9c9059f87ae4eb1afcdf64810db46b1,""за кодом ДК ЄЗС 021:2015 – 72410000-7 Послуги провайдерів (72411000-4 Постачальники Інтернет-послуг) з поділом на 46 лотів: Лот 1 м.Луцьк - 72410000-7 Послуги провайдерів, Лот 2 м.Луцьк - 72410000-7 Послуги провайдерів, Лот 3 м.Луцьк - 72410000-7 Послуги провайдерів, Лот 4 м. Луцьк - 72410000-7 Послуги провайдерів, Лот 5 м. Луцьк - 72410000-7 Послуги провайдерів, Лот 6 м. Луцьк - 72410000-7 Послуги провайдерів, Лот 7 с.Липини - 72410000-7 Послуги провайдерів, Лот 8 м. Луцьк - 72410000-7 Послуги провайдерів, Лот 9 смт. Торчин - 72410000-7 Послуги провайдерів, Лот 10 м.Володимир - 72410000-7 Послуги провайдерів, Лот 11  м.Устилуг - 72410000-7 Послуги провайдерів, Лот 12 смт.Локачі - 72410000-7 Послуги провайдерів, Лот 13 смт.Турійськ - 72410000-7 Послуги провайдерів, Лот 14 м.Берестечко - 72410000-7 Послуги провайдерів, Лот 15 с.Шклинь - 72410000-7 Послуги провайдерів, Лот 16 м.Камінь-Каширський - 72410000-7 Послуги провайдерів, Лот 17 с.Піщане - 72410000-7 Послуги провайдерів, Лот 18 с.Сошичне- 72410000-7 Послуги провайдерів, Лот 19 м.Ківерці - 72410000-7 Послуги провайдерів, Лот 20 смт. Олика - 72410000-7 Послуги провайдерів, Лот 21 смт.Цумань - 72410000-7 Послуги провайдерів, Лот 22 с.Холоневичі - 72410000-7 Послуги провайдерів, Лот 23 м.Ковель - 72410000-7 Послуги провайдерів, Лот 24 м.Ковель - 72410000-7 Послуги провайдерів, Лот 25 смт.Голоби - 72410000-7 Послуги провайдерів, Лот 26 с.Поворськ - 72410000-7 Послуги провайдерів, Лот 27 смт.Любешів - 72410000-7 Послуги провайдерів, Лот 28 с.Велика Глуша - 72410000-7 Послуги провайдерів, Лот 29 м.Любомль - 72410000-7 Послуги провайдерів, Лот 30 смт.Шацьк - 72410000-7 Послуги провайдерів, Лот 31 смт.Головно - 72410000-7 Послуги провайдерів, Лот 32 с.Рівне - 72410000-7 Послуги провайдерів, Лот 33 смт.Маневичі - 72410000-7 Послуги провайдерів, Лот 34 с.Цміни - 72410000-7 Послуги провайдерів, Лот 35 смт.Колки - 72410000-7 Послуги провайдерів, Лот 36 смт.Ратне - 72410000-7 Послуги провайдерів, Лот 37 смт.Заболоття - 72410000-7 Послуги провайдерів, Лот 38 с.Велимче - 72410000-7 Послуги провайдерів, Лот 39 с.Межисить - 72410000-7 Послуги провайдерів, Лот 40 смт.Стара Вижівка - 72410000-7 Послуги провайдерів, Лот 41 с.Сереховичі - 72410000-7 Послуги провайдерів, Лот 42 смт.Луків - 72410000-7 Послуги провайдерів, Лот 43 м.Рожище - 72410000-7 Послуги провайдерів, Лот 44 с.Купичів - 72410000-7 Послуги провайдерів, Лот 45 м.Нововолинськ - 72410000-7 Послуги провайдерів, Лот 46 смт.Іваничі - 72410000-7 Послуги провайдерів за 10-ма лотами: Лот 12 смт.Локачі - 72410000-7 Послуги провайдерів, Лот 17 с.Піщане - 72410000-7 Послуги провайдерів,  Лот 26 с.Поворськ - 72410000-7 Послуги провайдерів, Лот 31 смт.Головне - 72410000-7 Послуги провайдерів, Лот 34 с.Цміни - 72410000-7 Послуги провайдерів, Лот 35 смт.Колки - 72410000-7 Послуги провайдерів, Лот 37 смт.Заболоття - 72410000-7 Послуги провайдерів, Лот 38 с.Велимче - 72410000-7 Послуги провайдерів, Лот 39 с.Межисить - 72410000-7 Послуги провайдерів, Лот 41 с.Сереховичі - 72410000-7 Послуги провайдерів."",,120000.0,72410000-7";;;;;;;;;;;;;;;;;;;;
a19d6e34835e454d818ddb524e87f667,Метрологічна інформація про середньодобову та середньомісячну температуру,,8098.26,98390000-3;;;;;;;;;;;;;;;;;;;;
"9b08713dfabc4a469fc53c7a53541075,""34310000-3 – Двигуни та їх частини ( радіатор пічки, радіатор,  комплект  патрубків, ремінь генератора, термостат для автобуса,  свічки запалення комплект)"",,29272.0,34312000-7";;;;;;;;;;;;;;;;;;;;
"9a274909c15c441ca4ae48e25e0662b4,""Хліб житньо-пшеничний, батон (код за ЄЗС ДК 021:2015 15810000-9 Хлібопродукти, свіжовипечені хлібобулочні та кондитерські вироби)"",,223503.0,15811100-7";;;;;;;;;;;;;;;;;;;;
dd17b2fbd2e6422f891a2eebb8a6f1f4,Послуги з управління побутовими відходами,,80000.0,90510000-5;;;;;;;;;;;;;;;;;;;;
"752d4d24e8ad4f239de74fe5276ff0f6,""79810000-5 Друкарські послуги. ";;;;;;;;;;;;;;;;;;;;
"Послуги з розміщення та друку даних про вартість наданих мешканцям м. Запоріжжя послуг з водопостачання та водовідведення на бланках """"Рахунків на оплату житлово-комунальних послуг"""", розміщення та друк інформації щодо послуг у сфері енергетики та комунальних послуг по постанові НКРЕКП від 30.03.2017р. № 464."",,1347000.0,79810000-5";;;;;;;;;;;;;;;;;;;;
"b9e0ba8531ed4b4a818715090b75acf6,""код 15550000-8 «Молочні продукти різні» ( 15551000-5 «Йогурти та інші ферментовані молочні продукти»  (кефір кислий для дитячого харчування 3,2 % жиру";" напій кефірний солодкий для дитячого харчування 3,2 % жиру)"",,307615.25,15550000-8";;;;;;;;;;;;;;;;;;;
"6a32aba33fb74b42a0909829c814c030,""Вироби хлібобулочні ( хліб цільнозерновий пшеничний, хліб цільнозерновий житній, хліб подовий пшеничний )"",,90280.0,15810000-9";;;;;;;;;;;;;;;;;;;;
de2936521f064f8b9c74b1ae759482af,Послуги  з доступу до мережі Інтернет ,,7800.0,72410000-7;;;;;;;;;;;;;;;;;;;;
a19850ce36eb4ec9adf60f0c4dceac17,Вугілля кам’яне ДГ (код CPV за ДК 021:2015  09110000-3 «Тверде паливо»),,49959.0,09111100-1;;;;;;;;;;;;;;;;;;;;
94efb606fbe3431e800064f31bdc6362,Листи сталеві ,,65627.0,44172000-6;;;;;;;;;;;;;;;;;;;;
a9f8c4bf1cee4f15b07a6f1f6fbf40af,Фарби,,1100.0,44810000-1;;;;;;;;;;;;;;;;;;;;
"a325dab9efe3426da81dafa036ac889c,""ДК 021:2015 64210000-1 - Послуги телефонного зв’язку та передачі даних(мобільний зв""""язок)"",,2100.0,64210000-1";;;;;;;;;;;;;;;;;;;;
"58e2174835564766af6237bd62bcf838,ДК 021:2015 код 79710000-4 - Охоронні послуги (Фізична охорона території та об’єктів КНП«Чернігівська обласна лікарня» ЧОР),""Закупівля здійснюється з урахуванням Постанови КМУ від 12 жовтня 2022 р. №1178 (зі змінами та доповненнями).";;;;;;;;;;;;;;;;;;;;
"Строк надання послуг: з моменту підписання по 31.12.2024 рік."",3704652.0,79713000-5";;;;;;;;;;;;;;;;;;;;
"0909ce6ed02e48dda96cd32a28b6de74,""Збирання, транспортування та утилізація відходів лікарень Код ДК 021:2015 – 90520000-8 Послуги у сфері поводження з радіоактивними, токсичними, медичними та небезпечними відходами (90524400-0 Збирання, транспортування та утилізація відходів лікарень)";;;;;;;;;;;;;;;;;;;;
",,575200.0,90524400-0
632b9b38e3824495a036eb96cbf42319,Послуги ремонту офісної техніки та заправки картриджів,,80000.0,50310000-1
aa8c1e5f9aff4fc2a625f284e4f1e335,Електрична енергія, вільні ціни, без розподілу"",""Електрична енергія, вільні ціни, без розподілу. Місце поставки товарів: перелік об'єктів (площадок вимірювання) Споживача - відповідно Додатку 1 Договору"",108000.0,09310000-5";;;;;;;;;;;;;;;;;;;;
a10b4ae8c8fb4e59bc052958dbfda194,Оброблені фрукти та овочі за ДК 021:2015 15330000-0,,36790.0,15331132-1;;;;;;;;;;;;;;;;;;;;
06630678dbb4485aa1897721f9df24b9,Природний газ,,445597.61,09123000-7;;;;;;;;;;;;;;;;;;;;
"2b5acfd789d3424a854da5d05a4d464a,код ДК 021:2015 09310000-5 «Електрична енергія» (Електрична енергія з розподілом),""Найменування: КНП «Шепетівська багатопрофільна лікарня» Шепетівської міської ради Хмельницької області. Код згідно з ЄДРПОУ: 02004812. Місцезнаходження: Україна,30400, Хмельницька область, м. Шепетівка, вул. Захисників України, 85. Категорія: Юридична особа, яка забезпечує потреби держави або територіальної громади.Мова (мови), якою (якими) повинні готуватися цінові пропозиції: Під час проведення процедури закупівлі усі документи, що мають відношення до цінової пропозиції та складаються безпосередньо учасником, викладаються українською мовою. У разі надання інших документів складених мовою іншою ніж українська мова, такі документи повинні супроводжуватися перекладом українською мовою, переклад (або справжність підпису перекладача) - засвідчений нотаріально або легалізований у встановленому законодавством України порядку. Тексти повинні бути автентичними, визначальним є текст, викладений українською мовою. Процедура закупівлі – відкриті торги з особливостями на 2024 рік у відповідності до Постанови КМУ від 12 жовтня 2022 р. № 1178 «Про затвердження особливостей здійснення публічних закупівель товарів, робіт і послуг для замовників, передбачених Законом України “Про публічні закупівлі”, на період дії правового режиму воєнного стану в Україні та протягом 90 днів з дня його припинення або скасування» та Постанови Кабінету Міністрів України від 30 грудня 2022 року № 1495 «Про внесення змін до особливостей здійснення публічних закупівель товарів, робіт і послуг для замовників, передбачених Законом України «Про публічні закупівлі», на період дії правового режиму воєнного стану в Україні та протягом 90 днів з дня його припинення або скасування» . З урахуванням обсягу фінансування видатків замовника до розгляду не приймається тендерна пропозиція, ціна якої є вищою ніж очікувана вартість предмета закупівлі, визначена замовником в оголошенні про проведення цих відкритих торгів."",10800000.0,09310000-5";;;;;;;;;;;;;;;;;;;;
"6ac2d8acf0f04d5a803e033924752a7d,""Електрична енергія, вільні ціни, з розподілом"",""Електрична енергія, вільні ціни, з розподілом"",4490938.38,09310000-5";;;;;;;;;;;;;;;;;;;;
2152bdb390c2446789d708fb17539dc8,Послуги з технічного обслуговування пасажирських ліфтів,,55000.0,50750000-7;;;;;;;;;;;;;;;;;;;;
35c1af80590743c8b800de51f1a86326,Ізоляційне приладдя,,543.0,31650000-7;;;;;;;;;;;;;;;;;;;;
9b914ab161bb48b693048ffac2228639,Електрична енергія,Електрична енергія без розподілу,299400.0,09310000-5;;;;;;;;;;;;;;;;;;;;
"8cefe8688c994b3f8cd090dfd346a6d1,""Послуги з ремонту і технічного обслуговування генераторів";;;;;;;;;;;;;;;;;;;;
;;;;;;;;;;;;;;;;;;;;
",,140400.0,50530000-9
120282de7fad480aa9f11d44d9ef6a63,ДК 021:2015: CPV: 79510000-2 –Послуги з приймання телефонних дзвінків (Послуги кол-центру-79512000-6)),,506880.0,79510000-2
318b7f3cd3fc4c588c20261e0d81a206,сканер,,4500.0,38520000-6
3fc270758f3c44c9aff21a098d3372e3,Електрична енергія - за ДК 021:2015 -09310000-5 електрична енергія ,,1021200.0,09310000-5
5e95351cc43e473592375d9a3fca9474,Електрична енергія,,288000.0,09310000-5
8cdb02f9a34b4d958f61c0948413f6dd,Послуги з поводженням з побутовими відходами,,1766.04,90500000-2
cac77fb146b244339c2dbdc19d1d7a5d,ДК 021:2015 - 50340000-0 Послуги з ремонту і технічного обслуговування аудіовізуального та оптичного обладнання (Послуги з технічного обслуговування системи відеоспостереження (ДК 021:2015 50343000-1 Послуги з ремонту і технічного обслуговування відеообладнання)),,60516.0,50430000-8
61990491471c442d8ae46f3b3786f877,ДК 021:2015 код 79710000-4 - Охоронні послуги (Охорона приміщень КНП «Чернігівська обласна лікарня» ЧОР через пульт централізованого спостереження),Закупівля здійснюється з урахуванням Постанови КМУ від 12 жовтня 2022 р. №1178 (зі змінами та доповненнями).";;;;;;;;;;;;;;;;;;;;
"Строк надання послуг: з моменту підписання по 31.12.2024 рік."",207360.0,79714000-2";;;;;;;;;;;;;;;;;;;;
44bf5321242b49e69a1437319042eb46,Індивідуальне обмундирування,Індивідуальне обмундирування,0.0,35810000-5;;;;;;;;;;;;;;;;;;;;
3e1328a6af8f444992ac2d34c80b02fa,85140000-2 послуги у сфері здоровя різні (медогляд водія),,4800.0,85140000-2;;;;;;;;;;;;;;;;;;;;
8ce1cced569d469e8edf7bf2cac15d70,Послуги IP телефонії для call-центру,,267840.0,64210000-1;;;;;;;;;;;;;;;;;;;;
a21fc7a996094f0eb51a54f1d43ca7da,Розробка плану евакуації,,2807.0,75250000-3;;;;;;;;;;;;;;;;;;;;
"44c7a8ec691342159fb12ee5b97db107,""Послуги з поточного ремонту та обслуговування ком'пютерної та оргтехніки (проектор) відповідно до ЄЗС код ДК 021:2015:50340000-0 """"Послуги з ремонту і технічного обслуговування аудіовізуального та оптичного обладнання"""""",,3560.0,50340000-0";;;;;;;;;;;;;;;;;;;;
fab0169e7a0b41bba42ada301a9b2608,Природний газ,,1471641.0,09123000-7;;;;;;;;;;;;;;;;;;;;
57098cbec120465d95d900a5a3496345,Електрична енергія на 2024 рік,,774310.62,09310000-5;;;;;;;;;;;;;;;;;;;;
9c3e077994d7488ba2f9c5d6bf1d9256,Послуга з постачання теплової енергії,,1859297.3,09320000-8;;;;;;;;;;;;;;;;;;;;
5038224a95eb40da82f8b18e94b493fd,Двигуни та їх частини,,6325.0,34310000-3;;;;;;;;;;;;;;;;;;;;
"d5d9f8c56b274f61ab59aa2e8f447ba4,""ДК 021: 2015: 44520000-1 Замки, ключі та петлі"",,230.0,44520000-1";;;;;;;;;;;;;;;;;;;;
4adeba89c0c342fe9e2bf4d76515801f,Послуги з дератизації та дезінсекції   з метою забезпечення санітарно-епідеміологічного благополуччя населення шляхом  зниження чисельності гризунів та комах до епідеміологічно безпечного рівня,,35980.0,90920000-2;;;;;;;;;;;;;;;;;;;;
c6cfb77653244073a5171e219279776e,09120000-6 — Газове паливо «Природний газ» (09123000-7),,74492.51,09123000-7;;;;;;;;;;;;;;;;;;;;
"d02e5f775df54267a5c517b2cf3cff2d,Офісний папір А4,""Обґрунтування технічних та якісних характеристик закупівлі та його очікуваної вартості. Технічні та якісні характеристики предмета закупівлі визначені відповідно до потреб замовника та з урахуванням вимог нормативних документів. Очікувана вартість обрахована відповідно до пункту 1 Розділу 3 «Примірної методики визначення очікуваної вартості предмета закупівлі» затвердженої Наказом Міністерства розвитку економіки, торгівлі та сільського господарства України №275 від 18.02.2020 року методом порівняння ринкових цін."",240000.0,30190000-7";;;;;;;;;;;;;;;;;;;;
"e65b3be8529140bdad87ea69eed32a6b,""Послуги з поводження з твердими побутовими відходами. м. Звягель, вул. Замкова,7. ДК 021:2015-90510000-5 Утилізація/видалення сміття та поводження зі сміттям."",,1311.48,90513100-7";;;;;;;;;;;;;;;;;;;;
"14b9b2a57449420d903129ed48d7d791,""Послуги з виведення сигналу на пост центрального спостереження, підключених до спеціального об'єктового прийомо-контрольного приладу та технічного обслуговування ПКП та установок пожежної сигналізації (пожежної сигналізації, оповіщення про пожежу та управління евакуацією людей та спостереження за пожежною автомакитою (цілодобове спостерігання за станом засобів пожежної автоматики, з оперативним реагуванням на її спрацювання (код за ДК 021:2015 """"50410000-2 Послуги з ремонту і технічного обслуговування вимірювальних, випробувальних і контрольних приладів)"",,40200.0,50410000-2";;;;;;;;;;;;;;;;;;;;
671ea6efaa264579b1a0f636c3d7d693,Прапори,,1432.0,35821000-5;;;;;;;;;;;;;;;;;;;;
"9cc9b132bc88416e94b6d65c7d1f9127,""Послуги провайдерів (надання доступу до мережі інтернет та надання в користування каналу передавання даних) (код ДК 021:2015-72410000-7 - Послуги провайдерів, 72411000-4 Постачальники Інтернет-послуг)"",,34272.0,72411000-4";;;;;;;;;;;;;;;;;;;;
68df9c3d58594db3b555f5c62172c78b,Природний газ (код ДК 021:2015) 09120000-6 Газове паливо,,744925.05,09123000-7;;;;;;;;;;;;;;;;;;;;
06594b3e301b45baa3071c61c30f3b3e,Електрична енергія,,320000.0,09310000-5;;;;;;;;;;;;;;;;;;;;
80d137c89535468ea754d0906ddb9a8a,72410000-7 Послуги провайдерів,,12000.0,72410000-7;;;;;;;;;;;;;;;;;;;;
1060136e30894769b3c436b119c03881,Пісок сіяний Біляївський (14211000-3),,96000.0,14210000-6;;;;;;;;;;;;;;;;;;;;
011230293c0f488db9d93d8d57bfffeb,65310000-9 Розподіл електричної енергії,,985000.0,65310000-9;;;;;;;;;;;;;;;;;;;;
1471a20ee148406cb1a51324363167c3,Макарони за ДК 021:2015 15850000-1,,19000.0,15851100-9;;;;;;;;;;;;;;;;;;;;
"106c9591aee54ff0a3e59ff3aa0091e6,""Послуги з сервісної технічної підтримки оновлень програми """" Бухгалтерія комунального підприємства """" від розробника програми на 12 місяців КОД ДК 021:2015 72250000-2 Послуги пов'язані із системами та підтримкою"",,18000.0,72250000-2";;;;;;;;;;;;;;;;;;;;
d23c5ef91c3f485a90f7d72a8200b692,Послуги з технічного обслуговування вузлів обліку теплової енергії і модульних індивідуальних теплопунктів (МІТП) з контурами опалення і гарячого водопостачання,,57000.0,50720000-8;;;;;;;;;;;;;;;;;;;;
846d09d0905a4b1697cd291639075260,Технічне обслуговування автоматичної пожежної сигналізації та цілодобове пожежне спостереження ,,55080.0,50413200-5;;;;;;;;;;;;;;;;;;;;
"555d81665dcf41ae891b065d9d4fb2c9,""Електрична енергія, вільні ціни, з розподілом"",""Електрична енергія, вільні ціни, з розподілом"",980000.0,09310000-5";;;;;;;;;;;;;;;;;;;;
"a4b6bb8f315b4c0482dde03ac0656d3f,""Хлібопродукти, свіжовипечені хлібобулочні та кондитерські вироби"",""Закупівля здійснюється за процедурою відкриті торги з особливостями, відповідно до ПКМУ №1178 від 12 жовтня 2022року «Особливості здійснення публічних закупівель товарів, робіт і послуг для замовників, передбачених Законом України «Про публічні закупівлі», на період дії правового режиму воєнного стану в Україні та протягом 90 днів з дня його припинення або скасування», зі змінами, потреба на 2024 рік"",728430.0,15810000-9";;;;;;;;;;;;;;;;;;;;
"ce95d497ebed429c9ff138a729ae5bcb,""Послуги у сфері поводження з радіоактивними, токсичними, медичними та небезпечними відходами ";;;;;;;;;;;;;;;;;;;;
(послуги із збирання, перевезення, зберігання, утилізації, знешкодження медичних відходів категорій «В», «С» та токсикологічно небезпечних відходів);;;;;;;;;;;;;;;;;;;;
",,630000.0,90520000-8
70e30ad608df4ddaacca7bc8ab4313e9,ДК 021: 2015: 44530000-4 Кріпильні деталі,,25.0,44530000-4
37298c78e670453ca4a2844c34f59e91,75240000-0 послуги із забезпечення громадської безпеки, охорони правопорядку та громадського порядку "",,3340000.0,75240000-0";;;;;;;;;;;;;;;;;;;;
"40cff273de554a9a9c49a52eaeeebbd2,""Електрична енергія (ДК 021:2015 - 09310000-5 – Електрична енергія)";;;;;;;;;;;;;;;;;;;;
;;;;;;;;;;;;;;;;;;;;
",,4180000.0,09310000-5
80641ad2a63d4e0f87d1a425fa101256,Електронні комунікаційні послуги (АЗПСМ с. Вербень ,с. Хрінники )"",,12516.0,64210000-1";;;;;;;;;;;;;;;;;;;;
d24b5abefba64d8d940e1b0519fc145d,Природний газ,,1324311.2,09120000-6;;;;;;;;;;;;;;;;;;;;
f2570d5d9cbb4fefa247e152f51abee3,Надання електронних комунікаційних послуг.,,6000.0,72410000-7;;;;;;;;;;;;;;;;;;;;
a905e87916584d9084a45a7aadd6c366,Бензин автомобільний А-95-Євро 5,,5959.0,09130000-9;;;;;;;;;;;;;;;;;;;;
65140b7851aa452399f2525c61d912cb, послуга із забезпечення перетікань реактивної електричної енергії,,60000.0,65310000-9;;;;;;;;;;;;;;;;;;;;
71ef382cacec47cdaae9ed1503975e26,послуги повязанні із програмним забезпеченням,,1450.0,72260000-5;;;;;;;;;;;;;;;;;;;;
"8f1cb73c0e624f74a35e7d3190843c9c,""Молоко питне пастерізоване , жирність 2,5 %"",,99474.0,15510000-6";;;;;;;;;;;;;;;;;;;;
f14aed5ac0ed40369c81595bc263f94b,ДК 021:2015: 15610000-7 - Продукція борошномельно-круп'яної промисловості,,53260.0,15610000-7;;;;;;;;;;;;;;;;;;;;
bc5510691de94fe59671bea831fbb984,Послуги заправки  картриджів,,1760.0,50310000-1;;;;;;;;;;;;;;;;;;;;
"9afc7dac7238442193c7b16eee2759d0,""Запасні частини до вантажних транспортних засобів, фургонів та легкових автомобілів"",,1380.0,34330000-9";;;;;;;;;;;;;;;;;;;;
3bf1f929d93944809d2d02e035345495,Камертон медичний з частотою коливань 128 Гц,,57500.0,33120000-7;;;;;;;;;;;;;;;;;;;;
13c3729bb8234643b38035f757b4ef4a,Послуги з прибирання,,156000.0,90910000-9;;;;;;;;;;;;;;;;;;;;
71a33573044248508099abda5cfd72e4,електрична енергія,,6006000.0,09310000-5;;;;;;;;;;;;;;;;;;;;
"d4aa9b4a1b14453e9015faf54f7bb9a3,""Природний газ, вільні ціни, без обмежень по терміну дії, без розподілу"",ЕІС - код: 56 XS 0000 E8XAQ 001 Оплата відповідно до проєкту договору,1112123.44,09120000-6";;;;;;;;;;;;;;;;;;;;
"e07abede7bff46fab6661ac2b6e5ffd5,""Азитроміцин, порошок для оральної суспензії, 200 мг/5 мл, 30 мл (1200 мг суспензії)"; Азитроміцин, капсули по 250 мг №6; Азитроміцин, капсули по 500 мг, №3; Амікацин, розчин для ін'єкцій, 250 мг/мл 2 мл; Дигоксін, розчин для ін'єкцій, 0,25 мг/мл, по 1 мл в ампулі, № 10; Флуконазол розчин 200 мг/100 мл; Еноксапарин натрію, розчин для ін'єкцій,10000 анти-Ха МО/мл по 0,2 мл (2000 анти-Ха МО) № 10; Еноксапарин натрію, розчин для ін'єкцій, 10000 анти-Ха МО/мл по 0,4 мл (4000 анти-Ха МО) № 10; Еноксапарин натрію, розчин для ін'єкцій,10000 анти-Ха МО/мл по 0,6 мл (6000 анти-Ха МО) № 10; Лідокаїн, розчин для ін'єкцій, 100 мг/мл, по 2 мл в ампулі, №10; Лідокаїн, розчин для ін'єкцій 2 % по 2 мл в ампулі, №10; Метронідазол, розчин для інфузій, 5 мг/мл по 100 мл; Натрію хлорид, розчин для інфузій, 9 мг/мл 100 мл; Омепразол  капсули 20 мг №30; Омепразол 40 мг флакон; Ондансетрон розчин для ін'єкцій 2 мг/мл по 2 мл №5; Ондансетрон розчин для ін'єкцій 2 мг/мл по 4 мл №5; Преднізолон, розчин для ін'єкцій, 30 мг/мл, по 1 мл в ампулі №3; Тіопентал ліофілізат для розчину для ін'єкцій по 1,0 г; Фуросемід,розчин для ін'єкцій 10мг/мл ампули №10;" Натрію хлорид, розчин для інфузій, 9 мг/мл 200 мл"",""Якість товару повинна відповідати встановленим нормативними актами України вимогам щодо якості такого роду/виду товарів."
Товар постачається в упаковці (тарі), що забезпечує його захист від пошкодження або псування під час транспортування, вантажно-розвантажувальних робіт та зберігання.;;;;;;;;;;;;;;;;;;;;
Товар має доставлятися на склад Замовника за адресою: 53500, Україна, Дніпропетровська область, смт. Томаківка, вул. Шосейна, буд. 22.;;;;;;;;;;;;;;;;;;;;
Поставка товару, завантажувально-розвантажувальні роботи в приміщення (місце зберігання товару) замовника здійснюються виключно за рахунок Учасника-переможця (в подальшому Постачальника).;;;;;;;;;;;;;;;;;;;;
"Поставка товару здійснюється в робочі дні тижня з 8.00-16.00"",190000.0,33650000-1";;;;;;;;;;;;;;;;;;;;
"723dd68a7789482da8aef9d93341f12a,""Кисень медичний газоподібний,  Кисень медичний газоподібний у балонах"",""Категорія: Підприємства, установи, організації, зазначені у пункті 3 частини першої статті 2 Закону України «Про публічні закупівлі» . Місцезнаходження замовника:  21032, Вінницька обл., м. Вінниця, вул. Київська, 68. Закупівля здійснюється на підставі наявної потреби, згідно вимог Постанови Кабінету Міністрів України від 12 жовтня 2022 р. № 1178 «Про затвердження особливостей здійснення публічних закупівель товарів, робіт і послуг для замовників, передбачених Законом України “Про публічні закупівлі”, на період дії правового режиму воєнного стану в Україні та протягом 90 днів з дня його припинення або скасування» на період 2024 року."",3113775.0,24111900-4";;;;;;;;;;;;;;;;;;;;
"b1ff37a06e9e4c74b1df73cc79187c23,Послуги з ремонту суден,""за кодом ДК 021:2015 - 50240000-9 «Послуги з ремонту, технічного обслуговування морського транспорту і пов’язаного обладнання та супутні послуги»"",13400000.0,50240000-9";;;;;;;;;;;;;;;;;;;;
d901d2fccff24ffe95a4abf6d9f8fcf5,09120000-6-Газове паливо (природний газ на опалювальний період січень-квітень 2024року),Природний газ на опалювальний період січень-квітень 2024року,99323.34,09120000-6;;;;;;;;;;;;;;;;;;;;
ca874763a47f4240a43994368b6b80df,Барвник снєжка жовтий 100 м (код ДК 021:2015 - 24200000-6 Барвники та пігменти),,60.0,24200000-6;;;;;;;;;;;;;;;;;;;;
"49160302bfaa4d02ba8c56a47bc1b233,""Передплата та доставка періодичного видання Газети «Наше місто» ";;;;;;;;;;;;;;;;;;;;
",,3487725.0,79980000-7
1454e2aceafd40dbbad1d77f22c810ad,Хлібопродукти (хліб цільнозерновий, хліб пшеничний подовий) (ДК 021:2015 15810000-9 Хлібопродукти, свіжовипечені хлібобулочні та кондитерські вироби)"",,133950.0,15810000-9";;;;;;;;;;;;;;;;;;;;
"af7ea71d6e544ac68c1db36e81043efb,""Кава, чай та супутня продукція за ДК 021:2015 15860000-4"",,7000.0,15863200-7";;;;;;;;;;;;;;;;;;;;
c4f4154cfd23400b93477d866247efab,Послуги з прання та сухого чищення.,,99978.0,98310000-9;;;;;;;;;;;;;;;;;;;;
"718305dcb9f34627838312e5af57048a,""Придбання продуктів харчування для закладів дошкільної освіти на 2024 рік (хліб цільнозерновий пшеничний, хліб цільнозерновий житній, хліб пшеничний)"",""Хліб з пшеничного борошна, в упаковці, 1 кг"; Хліб з житнього, цільнозернового борошна, нарізаний, в упаковці, 1 кг;" Хліб з пшеничного, цільнозернового борошна, нарізаний, в упаковці, 1 кг"",241168.0,15810000-9";;;;;;;;;;;;;;;;;;
8f49099632fe4ab7a306046b8766d1ec,Абразивні вироби,,141.12,14810000-2;;;;;;;;;;;;;;;;;;;;
c86325745a8f442887b052a9e91ae0f2,обслуговування комп'ютерної та офісної  техніки,,310.0,50320000-4;;;;;;;;;;;;;;;;;;;;
ad56bd1dd8804214a9536423de218b75,Газове паливо,,99323.34,09123000-7;;;;;;;;;;;;;;;;;;;;
55b3b41574314865be2a8340216783a1,ДК 021:2015: 85140000-2 Послуги у сфері охорони здоров’я різні (85145000-7 - Послуги медичних лабораторій) (Лабораторні дослідження крові),,72670.0,85140000-2;;;;;;;;;;;;;;;;;;;;
bb2f0aab43f2442188f24791c00e320f,ДК 021:2015-65210000-8 - Розподіл газу (Розподіл природного газу),,29676.02,65210000-8;;;;;;;;;;;;;;;;;;;;
"72e8da776b46436eb099b3456f297599,""Послуги з вивезення твердих побутових відходів (сміття). м. Чуднів, вул. Житомирська,14а. ДК 021:2015-90510000-5 Утилізація/видалення сміття та поводження зі сміттям."",,1158.26,90513100-7";;;;;;;;;;;;;;;;;;;;
"888d09d300654168aaf7de1a4bbc7e54,""79710000-4 Охоронні послуги. ";;;;;;;;;;;;;;;;;;;;
"Надання послуг з охорони об’єктів технічними засобами (охоронна сигналізація)."",,299000.0,79710000-4";;;;;;;;;;;;;;;;;;;;
"7e1487bcfac74dea951c8b6b81b0606c,""Бензин А-95 (Євро 5), налив, 1л";" Дизельне паливо (Євро 5), налив, 1л"",""000006-09130000-667116-40996564"; 000003-09130000-741375-40996564;;;;;;;;;;;;;;;;;;
"Строк поставки товару до 31.03.2024"",87282.0,09130000-9";;;;;;;;;;;;;;;;;;;;
9c4f28ed2d1f44fface615b6b71c1003,Розподіл природнього газу,,3006.79,65210000-8;;;;;;;;;;;;;;;;;;;;
f9c1605b0dbb498c89b4072f2fe86993,Технічне обслуговування та ремонт ліфтів,,69600.0,50750000-7;;;;;;;;;;;;;;;;;;;;
c24ba97aa5144da0ab8989fb17097aa2,Розподіл води,,6500.0,65110000-7;;;;;;;;;;;;;;;;;;;;
"824e9632d3a94ece9cddc7c8f846ea1d,Електрична енергія ,"" Об’єкти постачання електричної енергії Споживача розташовані за адресами: 50026, Дніпропетровська обл., м.Кривий Ріг: ";;;;;;;;;;;;;;;;;;;;
- пл.Гірницької Слави, 1, (адміністративна будівля виконкому Інгулецької районної  у місті ради); ;;;;;;;;;;;;;;;;;;;
- пр.Південний, 1 (адміністративна будівля виконкому Інгулецької районної  у місті ради);;;;;;;;;;;;;;;;;;;;
-  вул.Української добровольчої армії, 2 Б (нежитлове приміщення - блок гаражів) ;;;;;;;;;;;;;;;;;;;;
та об’єкти благоустрою, розташовані на житловому масиві ПівдГЗК (фонтан на площі Гірницької Слави);;;;;;;;;;;;;;;;;;;;
",747900.0,09310000-5
a2870ca870fe473e91e733c6553ded6a,Електрична енергія (універсальна послуга),,311500.0,09310000-5
43dc6ced446e499a8e4a607c7c563309,Природний газ,,1903697.35,09120000-6
6d96c6d9d91b42b8a9dca2d481d81918,Придбання послуг доступу до мережі Інтернет ,,107136.0,72410000-7
d0aa3c7265e34a1fb68180780419205c,Цукор за ДК 021:2015 15830000-5,,10200.0,15831200-4
6e8ac280110c4e518add79ef9a7cacdb,Паливо дизельне,,10554.5,09130000-9
2261cca986394a45a48b91ea51de7782,Надання послуг інтернет- провайдерів за користування  Інтернетом,,7200.0,72410000-7
dc7d8116d3b44a38bbb40387576cdf17,Послуги з розподілу електричної енергії,,54179.0,65310000-9
2b8e7d27748f4a74b3bb0abce442784e,секція огорожі,,1530.0,44310000-6
98f3f33e9d5f484ab2a67cc96c01dd8a,Постачання Програмної продукції – програмний комплекс """"Медична інформаційна система """"Health24"""""",,65520.0,72268000-1";;;;;;;;;;;;;;;;;;;;
"be7f145760f648e189f1f3127eb9dcdd,""«Охорона будівельного майданчика недобудованих багатоквартирних ж/б ЖБК «Діамант» по вул. Київській, 261 в м. Бровари Київської області";" 79710000-4 – Охоронні послуги за ДК 021:2015 Єдиного закупівельного словника»"",,938000.0,79710000-4";;;;;;;;;;;;;;;;;;;
"612ef25b303a4ac4ba81cdeda013ab30,""90920000-2 - Послуги із санітарно-гігієнічної обробки приміщень, дератизація, дезінсекція"",,5760.0,90920000-2";;;;;;;;;;;;;;;;;;;;
cb89eb8790b14ae893fc0fc68eeaa44b,Інтернет послуги,,10800.0,72400000-4;;;;;;;;;;;;;;;;;;;;
"9af9eebc52ae400bac68c9aaddc1f94b,""Засоби для ручного миття посуду (рідина), 1л"",,1650.0,39830000-9";;;;;;;;;;;;;;;;;;;;
b8c3ca4dca4a42969a2d31bb97c11ebd,ДК 021:2015: 03210000-6 - Зернові культури та картопля,,49000.0,03210000-6;;;;;;;;;;;;;;;;;;;;
bfa025e517d14a938956386bd3316d72,Надання доступу до мережі інтернет за технологією Ethernet,Річний план,6000.0,72410000-7;;;;;;;;;;;;;;;;;;;;
"bd1ef10dfc69413c907e4673ed94f2cb,""Природний газ, ДК 021:2015 код 09120000-6 """"Газове паливо"""" (Природний газ)"",,192025.12,09120000-6";;;;;;;;;;;;;;;;;;;;
a28c6aef2258402ead96fac0c1841c83,Кріпильні деталі,,346.92,44530000-4;;;;;;;;;;;;;;;;;;;;
"683344a1924749c2ab14691c59d15bea,""Скумбрія с/м, тушка з головою, 300-500г, ДСТУ 4378, 1 кг"; Хек с/м, тушка без голови, 200-400г, ДСТУ 4378, 1 кг;" Мінтай с/м, тушка без голови, 250-500г, ДСТУ 4868, 1 кг"",Доставку здійснити згідно заявок Замовника,464000.0,15220000-6";;;;;;;;;;;;;;;;;;
82c6f79a0df64d8ab00ce87a9aa3b5d0,послуги охорони приміщення та обслуговування охоронної сигналізації,,10320.0,79710000-4;;;;;;;;;;;;;;;;;;;;
"74763d5cb2614d7c978b9ee5f721c97e,""код ДК 021-2015 (CPV) 71630000-3 - Послуги з технічного огляду та випробовувань (""""Організація робіт (послуг) по отриманню протоколу випробувань та технічного огляду транспортних засобів"""" категорія N3";" """"Організація робіт (послуг) по отриманню протоколу випробувань та технічного огляду транспортних засобів"""" категорія N1";" """"Організація робіт (послуг) по отриманню протоколу випробувань та технічного огляду транспортних засобів"""" категорія О4";" """"Організація робіт (послуг) по отриманню протоколу випробувань та технічного огляду транспортних засобів"""" категорія N2)"",,38304.0,71630000-3";;;;;;;;;;;;;;;;;
e9404ecb04674f189fafd480dc77bcc4,Електрична енергія (без розподілу),,1560000.0,09310000-5;;;;;;;;;;;;;;;;;;;;
c2ff733973bc4aa0a6b48974c9c34e0d,Електронні комунікаційні послуги,,6000.0,64210000-1;;;;;;;;;;;;;;;;;;;;
"995a3ed5690448beb3cf7960672b4cbb,""Послуги з технічного обслуговування обладнання теплового пункту вузла обліку споживання теплової енергії, модулю централізованого опалення та гарячого водопостачання за адресою: м. Чернігів, пр. Миру, 211-д (код за ДК 021:2015 50720000-8 Послуги з ремонту і технічного обслуговування систем центрального опалення)"",,19080.0,50720000-8";;;;;;;;;;;;;;;;;;;;
3601cdbdfd354521b3caddd096dad924,Послуги поточного ремонту службового автомобіля Mitsubishi Outlander,,75000.0,50110000-9;;;;;;;;;;;;;;;;;;;;
73a5d5fe144944e6b50f9854ab241eff,електрична енергія,,1020000.0,09310000-5;;;;;;;;;;;;;;;;;;;;
7eabc42261b6446d8ef0fbc5f799f4a8,Послуги з обслуговування програмного забезпечення,,44568.0,72261000-2;;;;;;;;;;;;;;;;;;;;
49cec62bf18b4088b8938dd89133a536,Послуги водопостачання,,3024.0,65110000-7;;;;;;;;;;;;;;;;;;;;
"be70bc4cf3114fbe863665a6dc29c58c,""Послуги, пов’язані із системами та підтримкою"",,99180.0,72250000-2";;;;;;;;;;;;;;;;;;;;
"503f94f486994a6da4887a1b27348fec,""Природний газ (ДК 021:2015 09120000-6 """"Газове паливо"""")"",,82769.45,09120000-6";;;;;;;;;;;;;;;;;;;;
bf8814373e8a4075bcee257b2b0dfcd9,Папір офісний А4,,3400.0,30190000-7;;;;;;;;;;;;;;;;;;;;
17e0a532a5a242439b79aff4b567cd94,Послуги з розподілу електричної енергії та супутні послуги ,,3500.0,65310000-9;;;;;;;;;;;;;;;;;;;;
54d1520e7e0849b0a9ada0a363fccd0c,24320000-3 - Основні органічні хімічні речовини (Інгібітор гідратоутворення),,85999992.0,24320000-3;;;;;;;;;;;;;;;;;;;;
"a1d2060ed71f43df9337d196a1034f48,""Послуги з розподілу електричної енергії та послуги з забезпечення (компенсації) перетікань реактивної електроенергії ДК 021:2015: 65310000-9 Розподіл електричної енергії";;;;;;;;;;;;;;;;;;;;
;;;;;;;;;;;;;;;;;;;;
;;;;;;;;;;;;;;;;;;;;
;;;;;;;;;;;;;;;;;;;;
;;;;;;;;;;;;;;;;;;;;
",,1283579.6,65310000-9
d5a6edce94394c73bde40506390779b6,Прокат техніки з оператором,,900000.0,45500000-2
2f2ae87de5b3429fb91072a8de174059,Надання електронних комунікаційних послуг з доступу до мережі інтернет (ДК 021:2015 72410000-7 Послуги провайдерів, 72411000-4 Постачальники Інтернет-послуг)";;;;;;;;;;;;;;;;;;;;
",,6000.0,72411000-4
eb4488edb4a347cdb4a7b2987789d980,Теплова енергія,,1120450.0,09320000-8
7b9a3f858afa4e2d90b0779a472961fe,Будівельні прути, стрижні, дроти та профілі"",,335.0,44330000-2";;;;;;;;;;;;;;;;;;;;
89e2c43294c64ba78c45d160c70af42a,Послуги із забезпечення перетікань реактивної електричної енергії,,100000.0,65310000-9;;;;;;;;;;;;;;;;;;;;
4f31e8d915a0460f9cc3fe8a74614416,Ремонт і технічне обслуговування охолоджувальних установок,,45000.0,50730000-1;;;;;;;;;;;;;;;;;;;;
"1a8a74a3468f48b78e366bf8e1efe774,""""""Заправка принтера, сканера""""  ДК 021:2015   код 50310000-1 - Технічне обслуговування і ремонт офісної техніки"",,49870.0,50310000-1";;;;;;;;;;;;;;;;;;;;
28c6fd0a92df427b981f1fb5229836bd,ДК 021: 2015: 44510000-8 Знаряддя,,360.0,44510000-8;;;;;;;;;;;;;;;;;;;;
7ec2760d05fb451c9c667c281be1a8eb,Конструкційні матеріали,,65539.5,44110000-4;;;;;;;;;;;;;;;;;;;;
92747f67a97f4b94bfecd0d0591cea69,Електрична енергія на  2024 рік,,464000.0,09310000-5;;;;;;;;;;;;;;;;;;;;
40d655c9071a4d03b247f82bbde10f1f,Заправки та приправи за ДК 021:2015 15870000-7,,1200.0,15872400-5;;;;;;;;;;;;;;;;;;;;
50205fb348a14e0fb8f5d70cfb0cb177,Мережеве обладнання,,4980.0,32420000-3;;;;;;;;;;;;;;;;;;;;
9cdeb21bddf14d828c8e170944a4a13b,послуги з утримання контейнерів для збирання побутових відходів,,12.0,90510000-5;;;;;;;;;;;;;;;;;;;;
"65ba85efe2fb493b8314b8c685d7bc25,""Хлібопродукти, свіжовипечені хлібобулочні та кондитерські вироби (хліб житній цільнозерновий, хліб пшеничний цільнозерновий, хліб пшеничний подовий)"",,33468.0,15810000-9";;;;;;;;;;;;;;;;;;;;
6ea4bffd25d94100a1f81a9dff30de40,Електрична енергія (постачальник універсальних послуг),,35000.0,09310000-5;;;;;;;;;;;;;;;;;;;;
"9b96f9ef70d24b3192eb97d25432507b,""Послуги з надання доступу та використання онлайн-сервісів функціоналу медичної інформаційної системи """"Askep.net"""""",,32400.0,48811000-6";;;;;;;;;;;;;;;;;;;;
"b8036c2c0a604385825df724580f7da6,""Свіжі овочі та фрукти (буряк, морква, цибуля, капуста качанна, яблука)"",,521815.0,03220000-9";;;;;;;;;;;;;;;;;;;;
d3327696990f4b478d0edd65ea24f06b,Офісне устаткування та приладдя різне,Офісне устаткування та приладдя різне,0.0,30190000-7;;;;;;;;;;;;;;;;;;;;
"c2548640f17f4319a714ec65e01a6f29,""Електрична енергія, код 09310000-5 – Електрична енергія за ДК 021:2015 «Єдиний закупівельний словник»"",""Мова тендерної пропозиції – українська.";;;;;;;;;;;;;;;;;;;;
Під час проведення процедур закупівель усі документи, що готуються замовником, викладаються українською мовою, а також за рішенням замовника одночасно всі документи можуть мати автентичний переклад іншою мовою. Визначальним є текст, викладений українською мовою.;;;;;;;;;;;;;;;;;;;;
"Стандартні характеристики, вимоги, умовні позначення у вигляді скорочень та термінологія, пов’язана з товарами, роботами чи послугами, що закуповуються, передбачені існуючими міжнародними або національними стандартами, нормами та правилами, викладаються мовою їх загальноприйнятого застосування."",23716000.0,09310000-5";;;;;;;;;;;;;;;;;;;;
cca18e5949f144c98bda450f21850203,Послуги з розподілу електричної енергії за ДК 021:2015:65310000-9 Розподіл електричної енергії.,,226749.6,65310000-9;;;;;;;;;;;;;;;;;;;;
e9e516bfdbb9418d9c8bf8e0298f039b,Шоколад Milка 300гр.,,16600.0,15840000-8;;;;;;;;;;;;;;;;;;;;
"c51de4a82542480999842c85c2f72163,""18440000-5 Капелюхи та головні убори (каски захині, каски бензопильщика, підшоломники, захисні маски, окуляри, респіратори, маски зварювальника)"",,99900.0,18440000-5";;;;;;;;;;;;;;;;;;;;
4fe06f810dbf4d2d8ee6cab55ed73ad8,Електрична енергія (Електрична енергія),,1580657.0,09310000-5;;;;;;;;;;;;;;;;;;;;
b4728801a2a74e6596983021512b12e4,CPV ДК 021:2015 код – 79710000-4 Охоронні послуги ( послуги з охорони),,622000.0,79710000-4;;;;;;;;;;;;;;;;;;;;
b3a6278b69de43bb8bfc8d6cc5c4f119,Кріпильні деталі,,346.92,44530000-4;;;;;;;;;;;;;;;;;;;;
c4acc30f6f674063bf626f7601c928d7,ДК 021:2015 (CPV) : 15110000-2 М’ясо (четвертина задня куряча с/м),,76960.0,15110000-2;;;;;;;;;;;;;;;;;;;;
"8c552f42cc024668bd4743ca1c474f65,""Дріжджі, продукти глибокої заморозки, шипшина сушена, розпушувач, желатин"",""Закупівля проводиться по очікуваних видатках на 2024 рік згідно «Особливостей здійснення публічних закупівель товарів, робіт і послуг для замовників, передбачених Законом України “Про публічні закупівлі”, на період дії правового режиму воєнного стану в Україні та протягом 90 днів з дня його припинення або скасування» затверджених постановою Кабінету Міністрів України від 12 жовтня 2022 р. №1178 (зі змінами)."",110005.0,15898000-9";;;;;;;;;;;;;;;;;;;;
"e06637b4d24248c59b78e5958f8d8b2a,""Кабель СІП 2х16,  кабель СІП 1х16, кабель ПВ 1х2,5 (код ДК 021:2015 – 3132000-5 Електророзподільні кабелі)"",,63600.0,31320000-5";;;;;;;;;;;;;;;;;;;;
"1aad228d023442008ba706c44d167cd7,""Постачання Програмної продукції – програмний комплекс """"Медична інформаційна система """"Health24"""""",,262080.0,72268000-1";;;;;;;;;;;;;;;;;;;;
"505eb089e10148608ae8fd9bd3ccf9e4,Хліб (пшеничний),""Закупівля планується і проводиться відповідно до п. 3-7  Розділу Х «Прикінцеві та перехідні положення» Закону України «Про публічні закупівлі» №922-VIII із змінами внесеними Законом України від 16 серпня 2022 року № 2526-IX «Про внесення змін до Закону України """"Про публічні закупівлі"""" та інших законодавчих актів України щодо здійснення оборонних та публічних закупівель на період дії правового режиму воєнного стану» (далі – Закон) , з урахуванням вимог п. 10 та п. 14  Постанови КМУ від 12 жовтня 2022 р. № 1178 «Про затвердження особливостей здійснення публічних закупівель товарів, робіт і послуг для замовників, передбачених Законом України “Про публічні закупівлі”, на період дії правового режиму воєнного стану в Україні та протягом 90 днів з дня його припинення або скасування», з урахуванням пункту 3-8 Розділ X """"Прикінцеві та перехідні положення"""" Закону України про публічні закупівлі із змінами внесеними Законом України № 2526-IX від 16.08.2022 «Про внесення змін до Закону України """"Про публічні закупівлі"""", керуючись ст. 4, ст. 10 та ст.11 Закону"",191000.0,15810000-9";;;;;;;;;;;;;;;;;;;;
e5c47094e7924643a1a589569713cbb0,Послуги з постачання теплової енергії,,11330550.0,09320000-8;;;;;;;;;;;;;;;;;;;;
"8bf73efad8624b06acd07b4e12e30d37,""Топографо-геодезичні послуги м. Київ, Солом'янський район за кодом ДК 021:2015 71350000-6 """"Науково-технічні послуги в галузі інженерії"""""",,10000.0,71350000-6";;;;;;;;;;;;;;;;;;;;
34d66904e76843bd8cbe416f6295ef84,Сік в асортименті (ДК 021:2015: 15320000-7 - Фруктові та овочеві соки),,51490.0,15320000-7;;;;;;;;;;;;;;;;;;;;
8b5c173fb0b64b0ca4ed9c51ea444708,Послуги з аналізу та програмування систем,,99180.0,72240000-9;;;;;;;;;;;;;;;;;;;;
422a16c67ce2438ebb8c23f513b31cc4,послуги з організації відправлень,,49990.0,60160000-7;;;;;;;;;;;;;;;;;;;;
"c3ec6ac2ca274b7cbc69e7f94da7c629,""Електрична енергія, формульне ціноутворення, без розподілу"",,4591280.0,09310000-5";;;;;;;;;;;;;;;;;;;;
"08dd5c2406784b8b907509c783baf4f5,""64220000-4 Телекомунікаційні послуги, крім послуг телефонного зв’язку і передачі даних (послуги передачі даних)"",,31320.0,64220000-4";;;;;;;;;;;;;;;;;;;;
333bd252e15c47229a6f12ccef9a0db2,Сік 1л.,,8300.0,15320000-7;;;;;;;;;;;;;;;;;;;;
fd0674addee0432d8fe092fb025a7c60,Електрична енергія (код за ДК 021:2015: 09310000-5) — Електрична енергія,,1082400.0,09310000-5;;;;;;;;;;;;;;;;;;;;
0f1450954cd1422791c5a956a566c5de, Косарки,,25496.02,16310000-1;;;;;;;;;;;;;;;;;;;;
"bd574ecb27ca46a38665c584ff558545,""ДК 021:2015 98310000-9 - Послуги з прання і сухого чищення";;;;;;;;;;;;;;;;;;;;
"(прання білизни) 16000кг."",,656000.0,98310000-9";;;;;;;;;;;;;;;;;;;;
"32ea656fa18945fd93ab5a6dfebc8427,""Код ДК 021:2015 - 09310000-5- Електрична енергія (CPV), (Електрична енергія) ";;;;;;;;;;;;;;;;;;;;
",,18209955.0,09310000-5
9b41330630ea4a7ca00a8b80f4c3ec61,Послуги телефонного зв’язку та передачі даних  (Миколаївська область),,2340.0,64210000-1
35372af46d9b4dd89a14fde6045c87fb,Електрична енергія, код 09310000-5 – Електрична енергія за ДК 021:2015 «Єдиний закупівельний словник» (ЗЗСО 106)"",""Мова тендерної пропозиції – українська. Під час проведення процедур закупівель усі документи, що готуються замовником, викладаються українською мовою, а також за рішенням замовника одночасно всі документи можуть мати автентичний переклад іншою мовою. Визначальним є текст, викладений українською мовою. Стандартні характеристики, вимоги, умовні позначення у вигляді скорочень та термінологія, пов’язана з товарами, роботами чи послугами, що закуповуються, передбачені існуючими міжнародними або національними стандартами, нормами та правилами, викладаються мовою їх загальноприйнятого застосування."",847000.0,09310000-5";;;;;;;;;;;;;;;;;;;;
"92541ffd51914afeb3dd097f06d6257d,""Комплекс """"Гривня"""" програмного забезпечення АРМ """"Зарплата"""""",,61200.0,48440000-4";;;;;;;;;;;;;;;;;;;;
1e7b7bcb657643c294bc9e16a8f9d141,Рафіновані олії та жири за ДК 021:2015 15420000-8,,6000.0,15420000-8;;;;;;;;;;;;;;;;;;;;
"45e3fe9162fd47bb9bfb6bcff7672f33,""ДК 021:2015";;;;;;;;;;;;;;;;;;;;
"72410000-7 Послуги провайдерів"",,24864.0,72410000-7";;;;;;;;;;;;;;;;;;;;
"49dceeafc2484714b775ed975cf94f43,""Постачання пакетів оновлень (компонент) комп'ютерної програми """"M.E.Doc"""". Обслуговування згідно тарифу ОПТИМАЛЬНИЙ ПЛЮС. Мережева версія, з правом використання на рік"",,5470.0,72260000-5";;;;;;;;;;;;;;;;;;;;
647510e072a0454884caeeb568a806ca,ДК 021:2015: 85140000-2 Послуги у сфері охорони здоров’я різні (85145000-7 - Послуги медичних лабораторій) (бактеріологічні дослідження),,69407.0,85140000-2;;;;;;;;;;;;;;;;;;;;
9c0b58e0a7c74e3c801119c9d8b55eed,Гістологічні дослідження (код за ДК 021:2015 85110000-3 Послуги лікувальних закладів та супутні послуги),,195000.0,85110000-3;;;;;;;;;;;;;;;;;;;;
fd40fdedd0244b7f87b8849a4e756325,Послуга інтернет- провайдеру за користування Інтернетом,,1510.0,72410000-7;;;;;;;;;;;;;;;;;;;;
d92c3c1ddf2e47fe97586d5a78342620,Комп'ютерне обладнання,Комп'ютерне обладнання,0.0,30230000-0;;;;;;;;;;;;;;;;;;;;
"ac57ed9036824be3bbb0553ca254cd40,Оброблені фрукти та овочі за ДК 021-2015 (CPV)	 15330000-0 - Оброблені фрукти та овочі,,109330.0,15330000-0";;;;;;;;;;;;;;;;;;;;
"818da45a09144bb799c49109548996b6,""Послуги по супроводу програмного забезпечення - комп'ютерної програми та бази даних """"ОБЛІК МЕДИЧНИХ КАДРІВ УКРАЇНИ"""""",,2400.0,72250000-2";;;;;;;;;;;;;;;;;;;;
8ebbe72801564cb3952c1d2555ee1d98,Планшети Samsung Galaxy Tab A8,,52500.0,30213200-7;;;;;;;;;;;;;;;;;;;;
"ed49f4c735114634b126e07615dce4fc,""Овочі і фрукти (згідно код ДК 021: 2015- 03220000-9 Овочі, фрукти та горіхи)"",На 2024 рік,1100000.0,03222321-9";;;;;;;;;;;;;;;;;;;;
ee274b2d4fe344d18d6e139dbad9a840,Каналізаційне обладнання,,3085.0,39350000-0;;;;;;;;;;;;;;;;;;;;
79a3b2d393c84aec9190e1322ee22d5c,30120000-6 Фотокопіювальне та поліграфічне обладнання для офсетного друку ( Тонер до картриджа- 2 шт.),,300.0,30120000-6;;;;;;;;;;;;;;;;;;;;
"c3e034e00c344b47a31d26d43442d79b,""Хлібопродукти, свіжовипечені хлібобулочні та кондитерські вироби (хліб, батон, кекс """"Великодній"""")"",,1716453.0,15810000-9";;;;;;;;;;;;;;;;;;;;
"3a4d95654ec742f99f59f408c3147f57,""ДК 021:2015 -72260000-5 Послуги, пов’язані з програмним забезпеченням (адміністрування (обслуговування) програмного забезпечення """"Дебет Плюс V 12"""")"",,7572.0,72260000-5";;;;;;;;;;;;;;;;;;;;
880a99329f754e098b6fe3f510643147,30120000-6 Фотокопіювальне та поліграфічне обладнання для офсетного друку ( Тонер до картриджа- 1 шт.),,150.0,30120000-6;;;;;;;;;;;;;;;;;;;;
"6b444e90a5c6490cb5790c00263ced2d,""ДК 021:2015 – 15810000-9 «Хлібопродукти, свіжовипечені хлібобулочні та кондитерські вироби» (15811100-7 «Хліб»)"",,426000.0,15811100-7";;;;;;;;;;;;;;;;;;;;
1a137494866e4048b1380a17f81db8ee,Послуги із заправки та регенерації картриджів ,,26500.0,50310000-1;;;;;;;;;;;;;;;;;;;;
"6d9295e633de44f58b9ffe26f15a193f,""ДК 021:2015 09310000-5 - """"Електрична енергія"""""",""Процедура закупівлі проводиться у 2023 році, а обов'язки Замовника за договором, який буде укладено в результаті цієї процедури, в частині оплати поставленої учасником електричної енергії виникають у 2024 році."",680500.0,09310000-5";;;;;;;;;;;;;;;;;;;;
"7588d3fdb6ae4478872d96c799dab02b,""Відновлення асфальтобетонних, ФЕМових покриттів місць розриттів після усунення пошкоджень на теплових мережах СП «КИЇВСЬКІ ТЕПЛОВІ МЕРЕЖІ» КП «КИЇВТЕПЛОЕНЕРГО» в Солом’янському адміністративному районі м. Києва"",,12000000.0,45233222-1";;;;;;;;;;;;;;;;;;;;
4ba947ebb7fb4a56abec116d988cc03c,Природний газ,,248308.35,09123000-7;;;;;;;;;;;;;;;;;;;;
b3fcf11c409f4206934f3a653d429061,ДК 021:2015 код 15530000-2 Вершкове масло,,360000.0,15530000-2;;;;;;;;;;;;;;;;;;;;
"b851fcbbfd91489eaec59f6857ef8b5e,""Топографо-геодезичні послуги м. Київ, Голосіівський район за кодом ДК 021:2015 71350000-6 """"Науково-технічні послуги в галузі інженерії"""""",,10000.0,71350000-6";;;;;;;;;;;;;;;;;;;;
"d393297b0b784efb87a4dfdd74258573,""Послуги з технічної підтримки користувачів Медичної інформаційної системи """"МедЕйр"""""",,54000.0,72260000-5";;;;;;;;;;;;;;;;;;;;
4dd01c9d958540a9b9338144a20c095b,Електрична енергія,,1012474.5,09310000-5;;;;;;;;;;;;;;;;;;;;
63d79fbabfc7419d952ca87430026f94,Покрівельні роботи та інші спеціалізовані будівельні роботи ,,193950.79,45260000-7;;;;;;;;;;;;;;;;;;;;
10be5291798743f997c0608921986d0e,Природний газ (код за ЄЗС ДК 021:2015: 09120000-6 — Газове паливо),,124154.18,09120000-6;;;;;;;;;;;;;;;;;;;;
6c08bc5ef00044beaea7d522d4c262c4,стегно куряче охолоджене,,156000.0,15112000-6;;;;;;;;;;;;;;;;;;;;
b805de884f0a49a18923c1bcf5aa6569,64110000-0 Поштові послуги (послуга доставки-1 послуга),,55.0,64110000-0;;;;;;;;;;;;;;;;;;;;
9b344d81402942b3b638d8e491139e61,електрична енергія,,120000.0,09310000-5;;;;;;;;;;;;;;;;;;;;
29426db9ca2d4018bbaef6d3dfcf46ad,Постачання електричної енергії,,41347.59,09310000-5;;;;;;;;;;;;;;;;;;;;
c1004cb852ff49599f107336061248c4,Утилізація/видалення сміття та поводження зі сміттям,,93687.0,90510000-5;;;;;;;;;;;;;;;;;;;;
ea315113a4844b8dae2ba4f35d6f58c6,Світильники,Світильники,7631.0,31524000-5;;;;;;;;;;;;;;;;;;;;
458d3931ef9c462c93b8dc57460ce4fd,Електрична енергія,Комунальне некомерційне підприємство,530000.0,09310000-5;;;;;;;;;;;;;;;;;;;;
945dcef70dc24d6793d4437c4f2b92fc,Канцелярські товари,,830.0,30190000-7;;;;;;;;;;;;;;;;;;;;
3f098291b76645dca50075c5f41ab215,ДК 021: 2015: 14810000-2 Абразивні вироби,,60.0,14810000-2;;;;;;;;;;;;;;;;;;;;
"323bd76db60d4dd381e30decc7b95f1e,""«Послуги з фізичної охорони приміщень Управління освіти», код 79710000-4 Охоронні послуги"",""Усі документи тендерної пропозиції, які готуються учасником, повинні бути складені українською мовою. ";;;;;;;;;;;;;;;;;;;;
"Уся інформація розміщується в електронній системі закупівель українською мовою, крім  тих випадків коли використання букв та символів української мови призводить до їх спотворення (зокрема, адреси мережі """"інтернет"""", адреси електронної пошти, торговельної марки (знаку для товарів та послуг), загальноприйняті міжнародні терміни). Документи або копії документів (які передбачені вимогами тендерної документації та додатками до неї), які надаються учасником у складі тендерної пропозиції, викладені іншими мовами, повинні надаватися разом із їх автентичним перекладом на українську мову."",948750.0,79710000-4";;;;;;;;;;;;;;;;;;;;
53e2e1d4ea85443e824c6b23e2c3306d,Електронні комунікаційні послуги згідно ДК 021:2015 код 64210000-1 Послуги телефонного зв’язку та передачі даних,,110414.45,64210000-1;;;;;;;;;;;;;;;;;;;;
a65afc4b8f004007b1b287060c0320f3,Утримання біотуалетів для забезпечення потреб територіальної оборони,,1453674.25,50760000-0;;;;;;;;;;;;;;;;;;;;
